Date,Open,High,Low,Close,Volume
2010-01-04,112.37,113.39,111.51,113.33,118944541
2010-01-05,113.26,113.68,112.85,113.63,111579866
2010-01-06,113.52,113.99,113.43,113.71,116074402
2010-01-07,113.5,114.33,113.18,114.19,131091048
2010-01-08,113.89,114.62,113.66,114.57,126402764
2010-01-11,115.08,115.13,114.24,114.73,106375678
2010-01-12,113.97,114.21,113.22,113.66,163333432
2010-01-13,113.95,114.94,113.37,114.62,161821927
2010-01-14,114.49,115.14,114.42,114.93,115783759
2010-01-15,,,,113.64,0
2010-01-19,113.62,115.13,113.59,115.06,139172635
2010-01-20,114.28,114.45,112.98,113.89,216490121
2010-01-21,113.92,114.27,111.56,111.7,344859506
2010-01-22,111.2,111.74,109.09,109.21,345942402
2010-01-25,110.21,110.41,109.41,109.77,186937468
2010-01-26,109.34,110.47,109.04,109.31,211168719
2010-01-27,109.17,110.08,108.33,109.83,271863580
2010-01-28,110.19,110.25,107.91,108.57,316103993
2010-01-29,109.04,109.8,107.22,107.39,310677592
2010-02-01,108.15,109.07,107.5,109.06,187864905
2010-02-02,109.26,110.59,108.88,110.38,216327851
2010-02-03,109.88,110.48,109.51,109.83,172730603
2010-02-04,108.98,109.03,106.42,106.44,356715612
2010-02-05,106.56,106.88,104.58,106.66,493585758
2010-02-08,106.74,107.33,105.81,105.89,224166833
2010-02-09,107.13,108.15,106.27,107.22,337820408
2010-02-10,107.05,107.6,106.11,107.01,240511495
2010-02-11,106.87,108.25,106.25,108.13,223591548
2010-02-12,,,,108.04,0
2010-02-16,108.86,109.85,107.82,109.74,159317418
2010-02-17,110.27,110.41,109.74,110.26,168845041
2010-02-18,110.08,111.14,110.04,110.91,193708529
2010-02-19,110.62,111.57,110.36,111.14,222684816
2010-02-22,111.55,111.58,110.83,111.16,132346808
2010-02-23,110.86,111.2,109.52,109.81,207496924
2010-02-24,110.14,111.0,109.86,110.82,176350611
2010-02-25,109.24,110.75,108.94,110.67,259634682
2010-02-26,110.77,111.12,110.11,110.74,173589231
2010-03-01,111.2,112.0,111.17,111.89,147709644
2010-03-02,112.37,112.74,112.0,112.2,160992382
2010-03-03,112.49,112.97,112.02,112.3,150784940
2010-03-04,112.45,112.8,112.03,112.64,135770353
2010-03-05,113.37,114.34,113.1,114.25,176118769
2010-03-08,114.26,114.52,114.07,114.27,114631139
2010-03-09,113.93,114.99,113.87,114.46,154556674
2010-03-10,114.51,115.28,114.41,114.97,186088798
2010-03-11,114.7,115.48,114.35,115.45,160875844
2010-03-12,115.95,115.97,115.14,115.46,162074761
2010-03-15,115.26,115.58,114.6,115.49,146816801
2010-03-16,115.81,116.52,115.49,116.41,168672990
2010-03-17,116.76,117.48,116.42,117.1,177468085
2010-03-18,117.11,117.27,116.57,117.04,196509041
2010-03-19,116.96,117.29,115.52,115.97,226641098
2010-03-22,115.31,116.8,115.24,116.59,184477713
2010-03-23,116.76,117.51,116.38,117.41,182941554
2010-03-24,116.97,117.43,115.58,116.84,196183319
2010-03-25,117.63,118.17,116.51,116.65,223396257
2010-03-26,116.87,117.42,116.12,116.58,205808499
2010-03-29,117.17,117.53,116.69,117.32,134513501
2010-03-30,117.46,117.83,116.91,117.4,145772406
2010-03-31,116.95,117.52,116.61,117.0,161078665
2010-04-01,,,,117.8,0
2010-04-05,118.25,118.84,117.92,118.76,105847602
2010-04-06,118.42,119.25,118.29,119.04,110384143
2010-04-07,118.8,119.36,117.81,118.36,184576297
2010-04-08,117.95,118.97,117.6,118.77,158703990
2010-04-09,119.02,119.6,118.8,119.55,133006493
2010-04-12,119.7,120.05,119.56,119.74,110278931
2010-04-13,119.62,120.04,119.0,119.83,125125040
2010-04-14,120.27,121.19,120.08,121.19,161608989
2010-04-15,120.99,121.57,120.95,121.29,144615226
2010-04-16,120.86,121.28,118.75,119.36,366879697
2010-04-19,119.01,119.93,118.47,119.81,217947757
2010-04-20,120.56,120.98,119.87,120.88,157707939
2010-04-21,120.95,121.23,119.99,120.66,192910086
2010-04-22,119.81,121.17,119.12,121.02,239188584
2010-04-23,120.94,121.86,120.63,121.81,177335420
2010-04-26,121.85,122.12,121.23,121.35,143457213
2010-04-27,120.65,121.33,118.25,118.48,355853771
2010-04-28,119.05,119.68,118.27,119.38,300677608
2010-04-29,120.1,121.11,120.07,120.86,193774904
2010-04-30,120.88,121.01,118.78,118.81,270000858
2010-05-03,119.38,120.68,119.2,120.35,182747817
2010-05-04,119.01,119.03,116.92,117.52,360353366
2010-05-05,116.56,117.8,115.97,116.82,328973162
2010-05-06,116.26,117.0,105.0,112.94,647356524
2010-05-07,112.64,113.77,109.41,111.26,637558734
2010-05-10,115.81,116.65,114.91,116.16,396159543
2010-05-11,115.07,117.36,114.91,115.83,317849705
2010-05-12,116.29,117.62,116.09,117.45,235607027
2010-05-13,117.13,117.68,115.89,115.99,234456089
2010-05-14,115.12,115.33,112.87,113.89,345602060
2010-05-17,114.2,114.52,111.77,113.95,325943991
2010-05-18,114.88,115.22,112.03,112.4,360595878
2010-05-19,111.77,112.77,110.36,111.76,394759527
2010-05-20,109.38,109.89,107.47,107.54,530423626
2010-05-21,105.91,109.38,105.36,109.12,500909335
2010-05-24,108.52,109.39,107.61,107.71,269822997
2010-05-25,105.11,107.87,104.38,107.82,396505132
2010-05-26,108.48,109.47,106.85,107.17,349719279
2010-05-27,109.19,110.8,108.78,110.76,300870473
2010-05-28,,,,109.37,0
2010-06-01,108.35,109.95,107.37,107.53,277909392
2010-06-02,108.08,110.34,107.51,110.33,240243641
2010-06-03,110.65,111.06,109.58,110.71,226618259
2010-06-04,108.61,109.33,106.46,106.82,398475566
2010-06-07,107.2,107.61,105.41,105.49,264609061
2010-06-08,105.57,106.83,104.65,106.62,357774294
2010-06-09,107.24,108.28,105.6,106.05,268023252
2010-06-10,107.86,109.28,106.04,109.15,317890583
2010-06-11,108.19,109.75,108.12,109.68,214128107
2010-06-14,110.52,111.12,109.4,109.51,207196003
2010-06-15,110.28,112.1,110.09,112.0,238268655
2010-06-16,111.42,112.42,111.2,111.96,216373918
2010-06-17,112.28,112.33,111.05,112.14,263185740
2010-06-18,111.83,112.13,111.37,111.73,174006543
2010-06-21,113.12,113.2,110.79,111.41,213140636
2010-06-22,111.41,111.9,109.41,109.57,239355313
2010-06-23,109.64,110.03,108.48,109.23,254698722
2010-06-24,108.69,108.83,107.14,107.42,268692053
2010-06-25,107.74,108.42,106.77,107.87,238726472
2010-06-28,108.03,108.32,107.14,107.53,169333229
2010-06-29,106.02,107.51,103.55,104.21,373760407
2010-06-30,103.92,104.88,102.88,103.22,284101670
2010-07-01,103.15,103.49,101.13,102.76,382924764
2010-07-02,,,,102.2,0
2010-07-06,103.64,104.37,101.88,102.87,256936431
2010-07-07,103.13,106.24,103.02,106.11,253769702
2010-07-08,107.0,107.28,105.91,107.16,210842046
2010-07-09,107.13,107.97,106.93,107.96,144999850
2010-07-12,107.6,108.24,107.15,108.03,131283538
2010-07-13,109.15,110.09,108.93,109.66,213025882
2010-07-14,109.31,110.08,108.86,109.65,184426719
2010-07-15,109.61,110.06,108.17,109.68,232337892
2010-07-16,109.09,109.21,106.45,106.66,282693306
2010-07-19,107.05,107.63,106.22,107.29,186708979
2010-07-20,105.87,108.56,105.82,108.48,258162303
2010-07-21,109.04,109.07,106.63,107.07,264526950
2010-07-22,108.34,109.94,108.33,109.46,274781292
2010-07-23,109.24,110.57,108.93,110.41,222020785
2010-07-26,110.6,111.67,110.29,111.56,182126480
2010-07-27,112.17,112.29,111.11,111.55,204855535
2010-07-28,111.32,111.66,110.46,110.83,163056171
2010-07-29,111.52,111.82,109.41,110.29,220149031
2010-07-30,109.17,110.86,108.98,110.27,220070531
2010-08-02,111.99,112.94,111.54,112.76,188263197
2010-08-03,112.48,112.77,111.85,112.22,146657242
2010-08-04,112.53,113.11,112.16,112.97,158171627
2010-08-05,112.25,112.91,112.08,112.85,140473721
2010-08-06,111.74,112.57,110.92,112.39,239728279
2010-08-09,112.92,113.18,112.32,112.99,120800381
2010-08-10,112.03,112.98,111.37,112.38,242916211
2010-08-11,110.65,110.69,109.12,109.3,273408176
2010-08-12,107.65,109.02,107.6,108.63,239542543
2010-08-13,108.29,108.96,108.18,108.31,158698476
2010-08-16,107.57,108.61,107.18,108.26,147895278
2010-08-17,109.19,110.39,108.88,109.59,172270222
2010-08-18,109.54,110.38,108.91,109.79,182922040
2010-08-19,109.22,109.49,107.43,107.88,265847589
2010-08-20,107.56,107.94,106.75,107.53,209714149
2010-08-23,108.04,108.57,107.07,107.12,163490258
2010-08-24,105.95,106.39,104.97,105.53,280795568
2010-08-25,104.95,106.34,104.29,105.94,272330717
2010-08-26,106.44,106.58,104.88,105.23,224492677
2010-08-27,105.89,106.97,104.31,106.86,272704063
2010-08-30,106.58,106.91,105.3,105.31,167238558
2010-08-31,104.92,105.98,104.49,105.31,273933006
2010-09-01,106.73,108.61,106.66,108.46,267834949
2010-09-02,108.72,109.49,108.49,109.47,156112147
2010-09-03,,,,110.89,0
2010-09-07,110.37,110.51,109.55,109.64,141973690
2010-09-08,109.86,110.85,109.81,110.41,150268927
2010-09-09,111.65,111.68,110.62,110.92,147017889
2010-09-10,111.12,111.61,110.87,111.48,127818961
2010-09-13,112.58,112.95,112.13,112.72,178503456
2010-09-14,112.5,113.29,112.08,112.65,209823581
2010-09-15,112.32,113.21,111.98,113.08,168608341
2010-09-16,112.73,113.12,112.35,113.05,199962858
2010-09-17,113.04,113.15,112.18,112.49,195836810
2010-09-20,112.88,114.46,112.52,114.21,214786712
2010-09-21,114.3,114.84,113.51,113.98,268632440
2010-09-22,113.8,114.44,113.1,113.42,191322353
2010-09-23,112.49,113.67,112.18,112.5,202354235
2010-09-24,113.75,114.9,113.65,114.82,209671704
2010-09-27,114.86,114.99,114.16,114.27,128799460
2010-09-28,114.42,115.04,113.18,114.67,209207409
2010-09-29,114.38,114.91,114.02,114.47,179665724
2010-09-30,115.05,115.79,113.59,114.13,287106609
2010-10-01,114.99,115.12,113.93,114.61,174638619
2010-10-04,114.37,114.85,113.18,113.75,166153198
2010-10-05,114.8,116.32,114.67,116.04,229634076
2010-10-06,116.02,116.33,115.56,116.03,148626519
2010-10-07,116.5,116.53,115.19,115.89,164859971
2010-10-08,116.05,116.86,115.61,116.54,177760079
2010-10-11,116.72,116.97,116.25,116.65,103098291
2010-10-12,116.27,117.35,115.65,117.01,182209984
2010-10-13,117.66,118.55,117.38,117.92,194347147
2010-10-14,117.81,118.01,116.72,117.46,217764255
2010-10-15,118.28,118.35,116.76,117.7,243704938
2010-10-18,117.74,118.67,117.31,118.54,141502179
2010-10-19,117.19,117.85,116.02,116.73,280604682
2010-10-20,116.94,118.44,116.87,117.87,200051747
2010-10-21,118.4,119.09,117.21,118.13,221546107
2010-10-22,118.31,118.53,118.0,118.35,108212321
2010-10-25,119.14,119.76,118.61,118.7,151145700
2010-10-26,118.1,118.84,117.87,118.72,158982885
2010-10-27,117.89,118.51,117.26,118.38,190023965
2010-10-28,119.06,119.11,117.83,118.4,168575989
2010-10-29,118.28,118.72,118.07,118.49,144305475
2010-11-01,119.07,119.75,117.85,118.53,174074708
2010-11-02,119.42,119.75,119.1,119.48,158345856
2010-11-03,119.68,120.02,118.45,119.95,226702775
2010-11-04,121.28,122.32,119.97,122.26,215039313
2010-11-05,122.34,122.92,122.18,122.72,180654096
2010-11-08,122.34,122.69,121.94,122.49,155901614
2010-11-09,122.82,122.95,121.12,121.61,186621575
2010-11-10,121.58,122.16,120.66,122.1,221387386
2010-11-11,121.05,121.82,120.68,121.64,158017547
2010-11-12,120.82,121.35,119.65,120.2,239068789
2010-11-15,120.58,121.05,119.98,120.03,163940710
2010-11-16,119.29,119.49,117.59,118.16,300331917
2010-11-17,118.21,118.71,117.86,118.22,172308826
2010-11-18,119.36,120.39,119.35,119.96,197723674
2010-11-19,119.9,120.34,119.25,120.29,156852807
2010-11-22,119.69,120.24,118.77,120.19,181592166
2010-11-23,118.77,119.02,117.99,118.45,222308913
2010-11-24,,,,120.2,0
2010-11-26,119.16,119.81,118.8,118.8,76007704
2010-11-29,118.5,119.48,117.74,119.16,223642224
2010-11-30,117.98,119.17,117.81,118.49,233930639
2010-12-01,120.2,121.24,120.19,121.01,221037149
2010-12-02,121.2,122.65,121.13,122.56,191213570
2010-12-03,122.14,123.03,122.11,122.89,151288823
2010-12-06,122.63,123.04,122.5,122.76,103050459
2010-12-07,123.94,124.01,122.76,122.83,206580946
2010-12-08,122.98,123.38,122.41,123.28,138019177
2010-12-09,123.97,124.02,123.15,123.76,123705049
2010-12-10,124.14,124.6,123.73,124.48,117571625
2010-12-13,125.05,125.2,124.52,124.56,133812609
2010-12-14,124.75,125.23,124.29,124.67,147249532
2010-12-15,124.44,124.93,123.89,124.1,160823010
2010-12-16,124.18,124.91,123.75,124.82,185035177
2010-12-17,124.08,124.46,123.82,124.3,141075278
2010-12-20,124.64,124.9,123.98,124.6,119085459
2010-12-21,124.99,125.47,124.87,125.39,94965438
2010-12-22,125.48,125.82,125.41,125.78,78878090
2010-12-23,,,,125.6,0
2010-12-27,125.13,125.77,125.04,125.65,58125974
2010-12-28,125.9,125.95,125.5,125.83,55309010
2010-12-29,125.98,126.2,125.9,125.92,58033036
2010-12-30,125.8,126.13,125.53,125.72,76616846
2010-12-31,125.53,125.87,125.33,125.75,91270271
2011-01-03,126.71,127.6,125.7,127.05,138725191
2011-01-04,127.33,127.37,126.19,126.98,137409675
2011-01-05,126.58,127.72,126.46,127.64,133975250
2011-01-06,127.69,127.83,127.01,127.39,122518970
2011-01-07,127.56,127.77,126.15,127.14,156034587
2011-01-10,126.58,127.16,126.2,126.98,122401644
2011-01-11,127.44,127.74,126.95,127.43,110286968
2011-01-12,128.21,128.72,127.46,128.58,107929135
2011-01-13,128.63,128.69,128.05,128.37,129229132
2011-01-14,,,,129.3,0
2011-01-18,129.18,129.64,129.03,129.52,114401252
2011-01-19,129.41,129.54,127.91,128.25,151958324
2011-01-20,127.96,128.4,127.13,128.08,175745603
2011-01-21,128.88,129.17,128.23,128.37,151462880
2011-01-24,128.28,129.25,128.26,129.1,113715455
2011-01-25,128.76,129.28,128.11,129.17,167552153
2011-01-26,129.49,130.05,129.23,129.67,141281439
2011-01-27,129.7,130.21,129.47,129.99,123302633
2011-01-28,130.14,130.35,127.51,127.72,295637223
2011-01-31,128.07,128.78,127.75,128.68,149249105
2011-02-01,129.46,130.97,129.38,130.74,167194214
2011-02-02,130.46,130.84,130.33,130.48,23406221
2011-02-03,130.27,130.98,129.58,130.76,31138289
2011-02-04,130.85,131.2,130.23,131.17,27291113
2011-02-07,131.44,132.4,131.44,132.0,21707662
2011-02-08,132.13,132.64,131.73,132.59,22787018
2011-02-09,132.2,132.63,131.62,132.32,32233046
2011-02-10,131.61,132.46,131.3,132.33,36606250
2011-02-11,131.8,133.28,131.77,133.15,27395996
2011-02-14,133.07,133.54,132.89,133.43,20967255
2011-02-15,133.05,133.22,132.66,133.04,21560577
2011-02-16,133.47,134.01,133.19,133.82,26386036
2011-02-17,133.43,134.43,133.34,134.22,23248504
2011-02-18,,,,134.57,0
2011-02-22,133.11,133.86,131.48,131.8,48257050
2011-02-23,131.72,132.07,130.21,131.01,52179204
2011-02-24,130.86,131.44,129.7,130.92,50875335
2011-02-25,131.47,132.41,131.41,132.32,28752739
2011-02-28,132.84,133.32,132.38,133.15,30339531
2011-03-01,133.68,133.68,130.89,130.89,48377722
2011-03-02,130.79,131.81,130.6,131.16,46020707
2011-03-03,132.39,133.62,132.39,133.47,33784072
2011-03-04,133.37,133.47,131.6,132.47,53924527
2011-03-07,132.8,133.15,130.74,131.37,38124392
2011-03-08,131.67,132.99,131.07,132.56,36563947
2011-03-09,132.34,132.79,131.6,132.39,31785760
2011-03-10,131.04,131.04,129.81,129.93,63399641
2011-03-11,129.49,131.31,129.49,130.84,50585246
2011-03-14,130.03,130.48,129.07,130.05,52323424
2011-03-15,126.7,129.32,126.51,128.56,70860435
2011-03-16,128.18,128.57,125.28,126.21,89625830
2011-03-17,128.01,128.39,127.1,127.85,44314644
2011-03-18,128.84,128.87,127.51,127.76,45916019
2011-03-21,129.41,130.01,129.2,129.74,33507325
2011-03-22,129.76,129.89,129.18,129.3,25004548
2011-03-23,128.96,130.0,128.33,129.64,31166222
2011-03-24,130.46,131.08,129.68,130.9,33519480
2011-03-25,131.22,131.86,130.95,131.29,23528386
2011-03-28,131.57,131.92,130.94,130.94,22090103
2011-03-29,130.89,131.9,130.45,131.86,24306331
2011-03-30,132.58,133.15,132.37,132.7,24243176
2011-03-31,132.63,132.96,132.46,132.51,27226688
2011-04-01,133.45,133.76,132.83,133.15,30779148
2011-04-04,133.48,133.66,132.88,133.24,20976108
2011-04-05,132.95,133.83,132.94,133.24,22176452
2011-04-06,133.85,134.0,133.12,133.66,23931173
2011-04-07,133.39,133.93,132.67,133.32,34344617
2011-04-08,133.88,133.99,132.32,132.86,29003065
2011-04-11,133.01,133.44,132.14,132.47,24849999
2011-04-12,131.71,131.98,130.99,131.45,30741486
2011-04-13,132.09,132.18,130.97,131.45,28355303
2011-04-14,130.69,131.76,130.27,131.56,34872821
2011-04-15,131.78,132.37,131.41,132.12,33790732
2011-04-18,130.53,130.8,129.51,130.53,42399577
2011-04-19,130.75,131.35,130.44,131.28,25527881
2011-04-20,132.88,133.39,132.8,133.16,29889358
2011-04-21,,,,133.74,0
2011-04-25,133.66,133.85,133.2,133.62,13979197
2011-04-26,134.05,135.06,133.91,134.79,24832710
2011-04-27,135.05,135.87,134.5,135.63,27488924
2011-04-28,135.42,136.29,135.41,136.04,25481373
2011-04-29,136.14,136.57,135.98,136.54,20677005
2011-05-02,137.1,137.17,135.95,136.25,22871971
2011-05-03,135.94,136.18,135.04,135.71,26996370
2011-05-04,135.7,135.73,134.23,134.86,33406376
2011-05-05,134.09,134.94,133.02,133.63,40893236
2011-05-06,134.88,135.62,133.68,134.2,46857613
2011-05-09,134.2,135.11,133.98,134.72,24822446
2011-05-10,135.15,136.11,135.01,135.87,24203196
2011-05-11,135.64,135.68,133.82,134.45,33239071
2011-05-12,134.07,135.36,133.4,135.1,35584467
2011-05-13,135.17,135.34,133.57,134.04,35020855
2011-05-16,133.54,134.61,132.97,133.19,32100444
2011-05-17,132.7,133.35,132.12,133.17,38035702
2011-05-18,133.26,134.5,132.95,134.38,25317362
2011-05-19,134.79,135.02,133.94,134.66,22525820
2011-05-20,134.31,134.52,133.36,133.67,36056988
2011-05-23,131.99,132.46,131.59,132.04,36661220
2011-05-24,132.42,132.73,131.7,131.95,30909405
2011-05-25,131.38,132.94,131.38,132.37,28638927
2011-05-26,132.0,133.23,131.78,133.01,33733520
2011-05-27,,,,133.54,0
2011-05-31,134.78,134.92,133.84,134.89,35984098
2011-06-01,134.52,134.6,131.76,131.85,45487819
2011-06-02,131.98,132.23,130.96,131.69,47042049
2011-06-03,130.16,131.42,130.08,130.4,47653494
2011-06-06,130.09,130.36,128.87,129.05,36406785
2011-06-07,129.67,130.07,128.85,128.85,35800162
2011-06-08,128.77,129.18,128.18,128.4,46172785
2011-06-09,128.77,129.93,128.46,129.4,34130585
2011-06-10,128.83,128.93,127.26,127.56,48646625
2011-06-13,127.89,128.24,127.05,127.67,42209420
2011-06-14,128.88,129.77,128.82,129.32,32356616
2011-06-15,128.26,128.65,126.68,127.02,58675501
2011-06-16,127.09,127.97,126.33,127.28,66773546
2011-06-17,127.91,127.94,126.62,127.02,53421634
2011-06-20,126.6,127.97,126.59,127.7,34301988
2011-06-21,128.34,129.7,128.19,129.42,40944155
2011-06-22,129.05,129.81,128.59,128.7,38969944
2011-06-23,127.09,128.37,126.19,128.29,71105811
2011-06-24,128.28,128.37,126.62,126.81,46734124
2011-06-27,126.91,128.43,126.65,127.94,32680965
2011-06-28,128.43,129.63,128.27,129.61,40274343
2011-06-29,130.16,130.93,129.72,130.75,53004191
2011-06-30,131.15,132.18,130.99,131.97,37863568
2011-07-01,,,,133.96,0
2011-07-05,133.8,134.07,133.39,133.71,37800283
2011-07-06,133.48,134.14,133.11,133.94,28284288
2011-07-07,135.13,135.7,134.88,135.46,34373652
2011-07-08,133.84,134.44,133.39,134.4,43893555
2011-07-11,132.73,133.17,131.66,131.96,43906760
2011-07-12,131.69,132.78,131.36,131.43,46226099
2011-07-13,132.11,133.22,131.52,131.85,45341611
2011-07-14,132.17,132.77,130.68,130.94,45959101
2011-07-15,131.64,131.87,130.78,131.74,47432371
2011-07-18,131.06,131.28,129.63,130.58,44982924
2011-07-19,131.35,132.89,131.31,132.78,37213390
2011-07-20,133.08,133.15,132.42,132.65,23708080
2011-07-21,133.39,134.81,133.14,134.52,45988109
2011-07-22,134.5,134.72,133.76,134.61,22949044
2011-07-25,133.33,134.49,133.16,133.83,29304475
2011-07-26,133.75,133.96,133.03,133.36,24547552
2011-07-27,132.58,132.59,130.43,130.6,51722673
2011-07-28,130.62,131.76,130.01,130.16,39631184
2011-07-29,128.9,130.54,128.36,129.05,66254029
2011-08-01,130.95,130.96,127.53,128.71,62287734
2011-08-02,127.77,128.5,125.49,125.49,68408133
2011-08-03,125.66,126.3,123.54,126.21,77953786
2011-08-04,124.42,124.62,120.06,120.18,115977597
2011-08-05,121.9,122.07,116.87,119.98,148649784
2011-08-08,116.98,118.34,112.08,112.26,143151350
2011-08-09,114.25,117.49,110.27,117.37,151964090
2011-08-10,115.18,116.28,111.96,112.35,135389984
2011-08-11,113.45,118.92,112.85,117.28,104588853
2011-08-12,118.55,119.22,117.28,118.15,64114613
2011-08-15,119.24,120.74,119.0,120.55,56149713
2011-08-16,119.34,120.68,118.31,119.56,54731359
2011-08-17,120.31,121.2,118.72,119.67,43197692
2011-08-18,116.5,116.64,113.39,114.61,88643661
2011-08-19,112.91,115.87,112.5,112.68,80390466
2011-08-22,115.12,115.23,112.41,112.73,58657733
2011-08-23,113.17,116.54,112.58,116.46,65298215
2011-08-24,116.18,118.24,115.92,118.13,45888408
2011-08-25,118.8,119.4,115.87,116.31,60216045
2011-08-26,115.66,118.51,113.85,118.04,59570790
2011-08-29,119.52,121.42,119.48,121.38,39759253
2011-08-30,120.86,122.42,119.94,121.62,49826540
2011-08-31,122.48,123.51,121.31,122.06,65533346
2011-09-01,122.25,123.4,120.78,120.96,49230680
2011-09-02,118.47,119.07,117.43,117.84,54415932
2011-09-06,114.43,117.16,114.41,116.99,57447305
2011-09-07,118.85,120.33,118.37,120.27,44821031
2011-09-08,119.59,120.93,118.77,119.02,50782957
2011-09-09,117.68,118.1,115.28,115.86,71945536
2011-09-12,114.49,116.76,114.05,116.66,64719715
2011-09-13,117.08,118.18,116.22,117.58,58712643
2011-09-14,118.32,120.8,116.72,119.36,66294135
2011-09-15,120.55,121.47,119.57,121.47,66196390
2011-09-16,121.31,121.97,120.33,121.58,56247212
2011-09-19,119.56,120.93,118.72,120.31,47651461
2011-09-20,120.83,121.99,120.01,120.17,46846428
2011-09-21,120.26,120.59,116.44,116.51,74321850
2011-09-22,113.28,114.21,111.3,112.8,96017495
2011-09-23,112.16,114.16,112.02,113.54,64624239
2011-09-26,114.64,116.4,112.98,116.25,58993835
2011-09-27,118.53,119.56,116.84,117.6,69465586
2011-09-28,117.83,118.48,114.97,115.16,59746767
2011-09-29,117.12,117.63,113.94,116.02,65282987
2011-09-30,114.45,115.44,113.07,113.17,59865530
2011-10-03,112.5,113.95,109.82,109.93,73743732
2011-10-04,108.43,112.58,107.43,112.13,95735838
2011-10-05,112.59,114.72,111.58,114.5,65015723
2011-10-06,114.35,116.66,113.51,116.51,55805613
2011-10-07,117.16,117.24,115.06,115.75,76608699
2011-10-10,117.72,119.63,117.67,119.59,48106568
2011-10-11,118.85,120.03,118.75,119.68,38618931
2011-10-12,120.6,122.13,120.33,120.67,56817480
2011-10-13,120.03,120.87,119.12,120.47,44956240
2011-10-14,121.86,122.6,121.23,122.56,43756387
2011-10-17,121.99,122.06,119.93,120.24,43306475
2011-10-18,120.08,123.5,119.2,122.61,66897430
2011-10-19,122.33,123.08,120.72,121.14,44676650
2011-10-20,121.36,122.09,119.82,121.69,58232571
2011-10-21,123.07,124.12,122.72,123.91,54726464
2011-10-24,124.14,125.79,124.06,125.49,40550810
2011-10-25,124.93,124.94,122.78,123.08,55330266
2011-10-26,124.35,124.77,122.21,124.33,62984557
2011-10-27,127.7,129.41,126.61,127.43,84203637
2011-10-28,127.98,128.85,127.8,128.68,39809147
2011-10-31,127.23,127.26,125.32,125.45,43967241
2011-11-01,122.0,123.5,121.52,122.08,92917571
2011-11-02,123.88,124.4,122.8,123.99,53303725
2011-11-03,125.31,126.5,123.6,126.24,61861885
2011-11-04,125.23,125.69,124.02,125.45,44477724
2011-11-07,125.43,126.39,124.21,126.28,40221254
2011-11-08,126.93,128.02,125.71,127.86,45497628
2011-11-09,124.91,125.46,122.87,123.19,71335815
2011-11-10,124.8,124.93,123.02,124.32,45816627
2011-11-11,125.86,126.99,125.8,126.62,36249442
2011-11-14,126.21,126.35,124.92,125.46,29118865
2011-11-15,125.12,126.75,124.72,126.12,36056725
2011-11-16,124.81,126.33,123.9,124.05,49588936
2011-11-17,123.84,124.15,121.24,122.18,63908830
2011-11-18,122.46,122.75,121.47,121.99,44737467
2011-11-21,120.21,120.34,118.66,119.62,43463571
2011-11-22,119.39,120.1,118.53,119.19,43397130
2011-11-23,,,,116.56,0
2011-11-25,116.38,117.7,116.2,116.2,21312446
2011-11-28,119.53,120.18,118.82,119.7,42828544
2011-11-29,120.09,121.0,119.61,120.08,41177514
2011-11-30,123.5,125.22,123.22,125.11,61994264
2011-12-01,124.85,125.64,124.43,124.98,33494814
2011-12-02,126.14,126.5,124.78,124.86,47029127
2011-12-05,126.8,127.18,125.45,126.21,48955606
2011-12-06,126.17,127.11,125.76,126.26,27218979
2011-12-07,125.84,127.26,124.97,126.75,47462667
2011-12-08,125.88,126.18,123.65,123.98,51039070
2011-12-09,124.52,126.37,124.41,126.03,37323724
2011-12-12,124.91,124.97,123.18,124.24,40152712
2011-12-13,124.9,125.57,122.45,123.11,45766318
2011-12-14,122.59,123.03,121.47,121.71,45840916
2011-12-15,123.12,123.19,121.99,122.15,34056875
2011-12-16,122.21,122.94,121.3,121.57,43484888
2011-12-19,122.06,122.32,120.03,120.32,39577182
2011-12-20,122.23,124.13,122.19,123.88,35741385
2011-12-21,123.94,124.36,122.75,124.17,33792020
2011-12-22,124.64,125.39,124.36,125.33,22327643
2011-12-23,,,,126.39,0
2011-12-27,126.15,126.82,126.06,126.49,19008321
2011-12-28,126.53,126.53,124.73,124.92,30203033
2011-12-29,125.21,126.25,125.18,126.1,25251416
2011-12-30,,,,125.5,0
2012-01-03,127.75,128.38,127.44,127.49,38379801
2012-01-04,127.18,127.81,126.72,127.63,23665645
2012-01-05,127.01,128.23,126.43,128.1,36485767
2012-01-06,128.22,128.22,127.29,127.82,29421959
2012-01-09,128.04,128.18,127.41,127.99,21150934
2012-01-10,129.37,129.65,128.95,129.13,22465952
2012-01-11,128.75,129.37,128.52,129.25,22722523
2012-01-12,129.54,129.7,128.54,129.51,24534387
2012-01-13,,,,129.01,0
2012-01-17,130.1,130.32,129.06,129.31,27054142
2012-01-18,129.35,130.84,129.08,130.8,33849548
2012-01-19,131.24,131.57,130.8,131.48,27306784
2012-01-20,131.23,131.95,130.92,131.95,33001013
2012-01-23,131.5,132.25,130.98,131.58,26266200
2012-01-24,130.77,131.5,130.6,131.46,21699820
2012-01-25,131.24,132.87,130.75,132.57,35297847
2012-01-26,133.15,133.39,131.37,131.9,33989406
2012-01-27,131.15,132.05,131.15,131.73,30387256
2012-01-30,130.5,131.44,130.06,131.38,29046766
2012-01-31,132.02,132.18,130.68,131.21,31281903
2012-02-01,132.31,133.13,132.13,132.47,29482697
2012-02-03,134.03,134.62,133.78,134.57,38609038
2012-02-06,133.99,134.5,133.83,134.46,18115703
2012-02-07,134.2,135.02,133.64,134.79,23369501
2012-02-08,134.88,135.22,134.31,135.19,22946408
2012-02-09,135.39,135.58,134.57,135.34,26341805
2012-02-10,134.14,134.47,133.84,134.43,33937762
2012-02-13,135.29,135.52,134.75,135.36,20073035
2012-02-14,134.99,135.27,134.26,135.19,34055136
2012-02-15,135.64,135.83,134.29,134.54,40981041
2012-02-16,134.56,136.17,134.34,136.04,34554564
2012-02-17,136.52,136.57,135.97,136.41,24787990
2012-02-21,136.75,137.05,136.05,136.46,27823950
2012-02-22,136.2,136.55,135.8,136.02,22792730
2012-02-23,135.95,136.73,135.5,136.61,28314475
2012-02-24,136.95,137.2,136.64,136.93,19761191
2012-02-27,136.04,137.53,135.8,137.16,28201726
2012-02-28,137.19,137.65,136.93,137.56,27234370
2012-02-29,137.73,138.19,136.73,136.87,37831484
2012-03-01,137.32,137.99,137.12,137.77,27315142
2012-03-02,137.63,137.82,137.0,137.32,18641857
2012-03-05,137.05,137.19,136.29,136.75,29631897
2012-03-06,135.29,135.43,134.36,134.67,38700523
2012-03-07,135.06,135.91,134.93,135.69,28884438
2012-03-08,136.5,137.32,136.24,137.02,24212228
2012-03-09,137.36,137.93,137.13,137.57,23345469
2012-03-12,137.56,137.76,137.09,137.58,19686388
2012-03-13,138.38,140.12,138.09,140.06,35995873
2012-03-14,140.07,140.44,139.48,139.91,25253574
2012-03-15,140.12,140.78,139.76,140.72,29861808
2012-03-16,140.32,140.48,140.01,140.27,26662498
2012-03-19,140.2,141.28,140.11,140.88,21437422
2012-03-20,140.05,140.61,139.64,140.41,21356955
2012-03-21,140.46,140.65,139.92,140.16,20762910
2012-03-22,139.17,139.55,138.74,139.16,24811911
2012-03-23,139.37,139.81,138.55,139.69,24302310
2012-03-26,140.62,141.61,140.6,141.61,21423562
2012-03-27,141.74,141.83,141.08,141.13,23259684
2012-03-28,141.09,141.32,139.64,140.43,33007360
2012-03-29,139.62,140.42,139.09,140.22,31325903
2012-03-30,140.91,141.05,140.06,140.72,25331338
2012-04-02,140.64,142.21,140.37,141.79,26897090
2012-04-03,141.6,141.87,140.43,141.26,25222416
2012-04-04,140.17,140.33,139.35,139.84,28333540
2012-04-05,139.4,140.2,139.26,139.78,31771438
2012-04-09,137.94,138.78,137.84,138.23,26399657
2012-04-10,137.94,138.34,135.77,135.84,46730989
2012-04-11,137.33,137.54,136.75,136.9,27795033
2012-04-12,137.13,138.9,137.03,138.85,31448270
2012-04-13,138.46,138.48,137.01,137.13,35521360
2012-04-16,137.83,138.04,136.58,136.93,30917026
2012-04-17,137.86,139.36,137.7,139.09,28609152
2012-04-18,138.49,139.08,138.38,138.59,22762172
2012-04-19,138.6,139.14,137.07,137.75,40417422
2012-04-20,138.24,138.83,137.89,137.95,24761330
2012-04-23,136.55,136.91,135.94,136.79,34608573
2012-04-24,136.87,137.65,136.8,137.31,31526611
2012-04-25,138.56,139.24,138.53,139.24,30557059
2012-04-26,138.91,140.32,138.81,140.17,30538890
2012-04-27,140.56,140.78,139.8,140.42,25113818
2012-04-30,140.13,140.21,139.5,139.77,27379648
2012-05-01,139.81,141.66,139.63,140.74,24252370
2012-05-02,139.93,140.46,139.47,140.28,26238380
2012-05-03,140.4,140.45,139.0,139.25,29832558
2012-05-04,138.52,138.66,136.92,136.96,34277304
2012-05-07,136.48,137.55,136.46,137.1,25327785
2012-05-08,136.31,136.77,134.93,136.5,37323139
2012-05-09,135.1,136.61,134.49,135.74,42745341
2012-05-10,136.75,136.85,135.71,135.95,30797868
2012-05-11,135.16,136.86,135.11,135.56,32950628
2012-05-14,134.32,135.03,133.91,134.13,30792744
2012-05-15,134.05,134.8,133.13,133.35,37874871
2012-05-16,133.92,134.54,132.81,132.88,41923924
2012-05-17,132.88,133.02,130.81,130.87,44247336
2012-05-18,131.4,131.6,129.56,129.74,56712718
2012-05-21,130.14,132.02,129.95,132.02,37132290
2012-05-22,132.34,133.23,131.35,132.2,33133055
2012-05-23,131.26,132.46,129.99,132.27,38850121
2012-05-24,132.67,132.84,131.42,132.53,31309748
2012-05-25,132.48,132.85,131.78,132.1,28450945
2012-05-29,133.16,133.92,132.75,133.7,32727593
2012-05-30,132.59,132.62,131.49,131.73,34242987
2012-05-31,131.71,132.45,130.34,131.49,38875284
2012-06-01,129.41,129.85,128.16,128.16,52417135
2012-06-04,128.44,128.74,127.14,128.1,45803224
2012-06-05,127.88,129.26,127.79,129.03,30729646
2012-06-06,129.98,132.03,129.93,132.02,36871391
2012-06-07,133.49,133.53,131.79,132.05,37602721
2012-06-08,131.72,133.12,131.29,133.12,28716688
2012-06-11,134.19,134.25,131.28,131.45,34625482
2012-06-12,131.8,133.01,131.16,133.01,33235935
2012-06-13,132.5,133.36,131.62,132.1,30275262
2012-06-14,132.38,134.0,131.99,133.57,40630557
2012-06-15,,,,133.57,0
2012-06-18,133.59,134.73,133.28,134.43,29353246
2012-06-19,135.13,136.24,134.93,135.69,25030313
2012-06-20,135.76,136.09,134.27,135.44,36916171
2012-06-21,135.67,135.78,132.33,132.44,42681082
2012-06-22,133.11,133.71,132.63,133.42,28425586
2012-06-25,132.1,132.1,130.85,131.26,31219502
2012-06-26,131.69,132.38,130.94,132.0,27578814
2012-06-27,132.4,133.43,132.32,133.17,21385160
2012-06-28,132.32,132.99,131.29,132.79,33955169
2012-06-29,135.24,136.27,134.85,136.27,42575829
2012-07-02,136.53,136.65,135.53,136.46,27290924
2012-07-03,136.51,137.5,136.34,137.47,14837685
2012-07-05,136.93,137.4,136.29,136.84,23446764
2012-07-06,135.56,135.77,134.86,135.59,30405365
2012-07-09,135.41,135.57,134.7,135.32,19705864
2012-07-10,136.08,136.23,133.68,134.14,30450240
2012-07-11,134.23,134.6,133.38,134.16,27385094
2012-07-12,133.39,134.1,132.6,133.51,29715598
2012-07-13,133.88,135.89,133.84,135.75,27430911
2012-07-16,135.42,135.83,134.9,135.39,18594978
2012-07-17,136.01,136.63,134.56,136.36,28547712
2012-07-18,136.02,137.64,135.96,137.41,24065894
2012-07-19,137.63,138.18,137.21,137.74,25829058
2012-07-20,136.98,137.16,136.32,136.47,27973940
2012-07-23,134.45,135.46,133.85,135.09,30475138
2012-07-24,135.2,135.24,133.04,134.03,37032442
2012-07-25,134.26,134.56,133.26,133.95,27767098
2012-07-26,135.91,136.46,135.26,136.17,33011129
2012-07-27,136.91,139.07,136.66,138.8,46734581
2012-07-30,138.57,139.33,138.27,138.68,20502889
2012-07-31,138.51,138.87,137.71,137.71,22563632
2012-08-01,138.72,138.72,137.4,137.59,28345389
2012-08-02,136.54,137.57,135.59,136.64,40290603
2012-08-03,138.6,139.63,138.5,139.39,33466049
2012-08-06,139.7,140.16,139.56,139.62,20989925
2012-08-07,140.2,140.91,140.15,140.32,19032269
2012-08-08,139.82,140.64,139.81,140.49,16627597
2012-08-09,140.3,140.88,140.15,140.63,16488684
2012-08-10,140.07,140.89,139.81,140.84,18724574
2012-08-13,140.6,140.84,140.04,140.77,18456912
2012-08-14,141.28,141.38,140.37,140.79,19130889
2012-08-15,140.64,141.19,140.55,140.95,14261624
2012-08-16,141.09,142.16,140.8,142.01,21476293
2012-08-17,142.25,142.3,141.86,142.22,19903962
2012-08-20,142.01,142.22,141.6,142.22,13712093
2012-08-21,142.52,143.09,141.46,141.76,17889256
2012-08-22,141.38,142.05,141.08,141.82,19786628
2012-08-23,141.45,141.48,140.44,140.68,24270285
2012-08-24,140.3,141.8,140.22,141.52,21488373
2012-08-27,141.9,142.07,141.34,141.54,13317716
2012-08-28,141.17,141.84,140.97,141.4,12807197
2012-08-29,141.48,141.89,141.12,141.51,12048491
2012-08-30,140.9,140.94,140.19,140.49,17392005
2012-08-31,141.32,141.82,140.36,141.24,32923699
2012-09-04,141.09,141.46,140.14,140.87,21273003
2012-09-05,141.1,141.47,140.63,140.94,21413618
2012-09-06,141.79,143.78,141.77,143.78,34287061
2012-09-07,144.02,144.39,143.89,144.39,25282560
2012-09-10,144.21,144.44,143.46,143.51,19563356
2012-09-11,143.63,144.37,143.56,143.89,17302539
2012-09-12,144.38,144.55,143.9,144.39,17572275
2012-09-13,144.33,147.04,144.15,146.7,39991495
2012-09-14,146.89,148.11,146.76,147.24,37078709
2012-09-17,146.95,147.19,146.37,146.74,24098639
2012-09-18,146.53,146.81,146.25,146.62,16377063
2012-09-19,146.76,147.17,146.42,146.74,19513664
2012-09-20,146.0,146.79,145.63,146.75,28342817
2012-09-21,146.64,146.67,145.81,145.89,22032830
2012-09-24,145.16,145.97,145.05,145.59,19559889
2012-09-25,145.96,146.24,144.06,144.19,28615848
2012-09-26,144.11,144.11,142.96,143.29,24683682
2012-09-27,143.88,144.96,143.51,144.72,23886298
2012-09-28,144.01,144.55,143.46,143.93,33208164
2012-10-01,144.5,145.69,144.02,144.24,26827626
2012-10-02,144.9,145.15,143.83,144.5,21427702
2012-10-03,144.88,145.43,144.13,145.07,27087142
2012-10-04,145.63,146.34,145.45,146.27,25849467
2012-10-05,146.92,147.15,145.7,146.13,31081729
2012-10-08,145.58,145.88,145.32,145.66,15184531
2012-10-09,145.52,145.65,144.15,144.25,25467324
2012-10-10,144.2,144.32,143.09,143.28,25112154
2012-10-11,144.28,144.49,143.36,143.36,24517734
2012-10-12,143.44,143.94,142.58,142.84,26653928
2012-10-15,143.23,144.22,142.78,144.01,28252267
2012-10-16,144.76,145.64,144.66,145.58,21788627
2012-10-17,145.63,146.32,145.42,146.16,30726022
2012-10-18,145.85,146.52,145.33,145.86,30400818
2012-10-19,145.5,145.53,143.06,143.3,40060523
2012-10-22,143.2,143.67,142.28,143.41,30707606
2012-10-23,141.88,142.05,140.83,141.35,38390439
2012-10-24,141.94,142.1,140.8,141.05,26051415
2012-10-25,142.07,142.27,140.58,141.43,31793925
2012-10-26,141.32,141.84,140.4,141.35,30288899
2012-10-31,141.84,142.03,140.68,141.18,30514720
2012-11-01,141.66,143.0,141.52,142.91,23044145
2012-11-02,143.72,143.72,141.42,141.56,30831270
2012-11-05,141.37,142.17,140.93,141.9,23758808
2012-11-06,142.27,143.52,142.14,142.93,23153685
2012-11-07,141.65,141.67,139.07,139.78,58547682
2012-11-08,139.72,140.41,137.93,137.95,40343790
2012-11-09,137.61,139.44,137.56,138.16,48125825
2012-11-12,138.55,138.8,137.97,138.24,20138213
2012-11-13,137.52,139.25,137.37,137.8,27218569
2012-11-14,138.21,138.43,135.62,135.98,41220444
2012-11-15,135.95,136.49,135.18,135.7,41608809
2012-11-16,135.92,136.64,134.7,136.35,53687242
2012-11-19,137.92,139.15,137.82,139.15,30135006
2012-11-20,138.89,139.41,138.08,139.28,27546707
2012-11-21,139.31,139.57,139.03,139.45,81710736
2012-11-23,140.13,141.4,140.04,141.35,65409145
2012-11-26,140.65,141.36,140.19,141.05,100124325
2012-11-27,140.91,141.39,140.24,140.33,128646177
2012-11-28,139.76,141.54,139.0,141.46,177086443
2012-11-29,141.99,142.51,141.37,142.12,151085880
2012-11-30,142.14,142.42,141.66,142.16,136568288
2012-12-03,142.8,142.92,141.34,141.45,124656283
2012-12-04,141.44,141.87,140.87,141.25,127622507
2012-12-05,141.37,142.16,140.37,141.5,147300444
2012-12-06,141.37,142.04,141.16,141.98,103220533
2012-12-07,142.53,142.69,141.67,142.42,108726325
2012-12-10,142.21,142.81,142.15,142.47,98840667
2012-12-11,143.06,144.11,142.99,143.44,152570378
2012-12-12,144.0,144.55,143.31,143.51,145880026
2012-12-13,143.42,143.83,142.28,142.63,135714940
2012-12-14,142.32,142.58,141.88,142.11,137701692
2012-12-17,142.47,143.85,142.43,143.77,143735755
2012-12-18,144.0,145.5,143.79,145.37,177762727
2012-12-19,145.53,145.58,144.24,144.29,150895322
2012-12-20,144.38,145.14,143.98,145.12,168486930
2012-12-21,142.17,144.09,141.94,142.79,245883785
2012-12-24,142.48,142.56,142.19,142.35,53874548
2012-12-26,142.64,142.71,141.35,141.75,106947663
2012-12-27,141.79,142.08,139.92,141.56,167920546
2012-12-28,140.64,141.42,139.87,140.03,148806608
2012-12-31,139.66,142.56,139.54,142.41,243952162
2013-01-02,145.11,146.15,144.73,146.06,192058911
2013-01-03,145.99,146.37,145.34,145.73,144761781
2013-01-04,145.97,146.61,145.67,146.37,116817675
2013-01-07,145.85,146.44,145.43,145.97,110002444
2013-01-08,145.71,145.91,144.98,145.55,121265078
2013-01-09,145.87,146.32,145.64,145.92,90745581
2013-01-10,146.73,147.09,145.97,147.08,130735372
2013-01-11,147.04,147.15,146.61,147.07,113917286
2013-01-14,146.89,147.07,146.43,146.97,89567104
2013-01-15,146.29,147.21,146.2,147.07,93172559
2013-01-16,146.77,147.28,146.61,147.05,104849487
2013-01-17,147.7,148.42,147.14,148.0,133833420
2013-01-18,147.97,148.49,147.43,148.33,169905915
2013-01-22,148.33,149.13,147.98,149.13,111797291
2013-01-23,149.13,149.5,148.86,149.37,104596066
2013-01-24,149.15,150.14,149.01,149.41,146426315
2013-01-25,149.88,150.25,149.37,150.25,147216088
2013-01-28,150.29,150.33,149.51,150.07,113357611
2013-01-29,149.77,150.85,149.67,150.66,105694364
2013-01-30,150.64,150.94,149.93,150.07,137447625
2013-01-31,149.89,150.38,149.6,149.7,108975801
2013-02-01,150.65,151.42,150.39,151.24,131172997
2013-02-04,150.32,151.27,149.43,149.54,159073559
2013-02-05,150.35,151.48,150.29,151.05,113912334
2013-02-06,150.52,151.26,150.41,151.16,138762719
2013-02-07,151.2,151.35,149.86,150.96,162489974
2013-02-08,151.22,151.89,151.22,151.8,103133681
2013-02-11,151.74,151.9,151.39,151.77,73774925
2013-02-12,151.78,152.3,151.61,152.02,65392613
2013-02-13,152.33,152.61,151.72,152.15,82322561
2013-02-14,151.69,152.47,151.52,152.29,80834206
2013-02-15,152.43,152.59,151.55,152.11,215226408
2013-02-19,152.37,153.28,152.16,153.25,95105396
2013-02-20,153.14,153.19,151.26,151.34,160574782
2013-02-21,150.96,151.42,149.94,150.42,183256921
2013-02-22,151.15,151.89,150.49,151.89,106356525
2013-02-25,152.63,152.86,149.0,149.0,245824757
2013-02-26,149.72,150.2,148.73,150.02,186596178
2013-02-27,149.89,152.33,149.76,151.91,150781872
2013-02-28,151.9,152.87,151.41,151.61,126865910
2013-03-01,151.09,152.34,150.41,152.11,170634729
2013-03-04,151.76,152.92,151.52,152.92,99010157
2013-03-05,153.66,154.7,153.64,154.29,121663035
2013-03-06,154.84,154.92,154.16,154.5,94469849
2013-03-07,154.7,154.98,154.52,154.78,86101309
2013-03-08,155.46,155.65,154.66,155.44,123487628
2013-03-11,155.32,156.04,155.13,156.03,83746703
2013-03-12,155.92,156.1,155.21,155.68,105755706
2013-03-13,155.76,156.12,155.23,155.9,92550856
2013-03-14,156.31,156.8,155.91,156.73,126329853
2013-03-15,155.85,156.04,155.31,155.83,138601089
2013-03-18,154.34,155.64,154.2,154.97,126704266
2013-03-19,155.3,155.51,153.59,154.61,167567263
2013-03-20,155.52,155.95,155.26,155.69,113759222
2013-03-21,154.76,155.64,154.1,154.36,128604916
2013-03-22,154.85,155.6,154.73,155.6,111163530
2013-03-25,156.01,156.27,154.35,154.95,151322280
2013-03-26,155.59,156.23,155.42,156.19,86856545
2013-03-27,155.26,156.24,155.0,156.19,99950532
2013-03-28,156.09,156.85,155.75,156.67,102932783
2013-04-01,156.59,156.91,155.67,156.05,99194043
2013-04-02,156.61,157.21,156.37,156.82,101504286
2013-04-03,156.91,157.03,154.82,155.23,154167332
2013-04-04,155.43,156.17,155.09,155.86,131884920
2013-04-05,153.95,155.35,153.77,155.16,159665917
2013-04-08,155.16,156.22,154.75,156.21,86571104
2013-04-09,156.5,157.32,155.98,156.75,101922102
2013-04-10,157.17,158.87,157.13,158.67,135711015
2013-04-11,158.7,159.71,158.54,159.19,110142479
2013-04-12,158.68,159.04,157.92,158.8,116359817
2013-04-15,158.0,158.13,155.1,155.12,217258928
2013-04-16,156.29,157.49,155.91,157.41,147507796
2013-04-17,156.29,156.32,154.28,155.11,226834743
2013-04-18,155.37,155.41,153.55,154.14,167583106
2013-04-19,154.5,155.55,154.12,155.48,149687552
2013-04-22,155.78,156.54,154.75,156.17,106553422
2013-04-23,156.95,157.93,156.17,157.78,166141269
2013-04-24,157.83,158.3,157.54,157.88,96781189
2013-04-25,158.34,159.27,158.1,158.52,131060567
2013-04-26,158.33,158.6,157.73,158.24,95918776
2013-04-29,158.67,159.65,158.42,159.3,88572702
2013-04-30,159.27,159.72,158.61,159.68,116010614
2013-05-01,159.33,159.41,158.1,158.28,138874120
2013-05-02,158.68,159.89,158.53,159.75,96407564
2013-05-03,161.14,161.88,159.78,161.37,144202220
2013-05-06,161.49,162.01,161.42,161.78,66882091
2013-05-07,162.13,162.65,161.67,162.6,90359178
2013-05-08,162.42,163.39,162.33,163.34,97419172
2013-05-09,163.27,163.7,162.47,162.88,106738550
2013-05-10,162.99,163.55,162.51,163.41,103202902
2013-05-13,163.2,163.81,162.82,163.54,81843160
2013-05-14,163.67,165.35,163.67,165.23,119000837
2013-05-15,164.96,166.45,164.91,166.12,120718433
2013-05-16,165.78,166.36,165.09,165.34,109913544
2013-05-17,165.95,167.04,165.73,166.94,129801000
2013-05-20,166.78,167.58,166.61,166.93,85071182
2013-05-21,167.08,167.8,166.5,167.17,95804190
2013-05-22,167.34,169.07,165.17,165.93,244031724
2013-05-23,164.16,165.91,163.94,165.45,211064320
2013-05-24,164.47,165.38,163.98,165.31,151573867
2013-05-28,167.04,167.78,165.81,166.3,143679738
2013-05-29,165.42,165.8,164.34,165.22,160363334
2013-05-30,165.35,166.59,165.22,165.83,107793730
2013-05-31,165.37,166.31,163.13,163.44,176850020
2013-06-03,163.83,164.46,162.66,164.35,168390676
2013-06-04,164.44,165.1,162.73,163.56,157631425
2013-06-05,163.09,163.42,161.13,161.27,211737712
2013-06-06,161.2,162.74,160.25,162.73,200225418
2013-06-07,163.85,164.95,163.14,164.8,188337725
2013-06-10,165.31,165.4,164.37,164.8,105667060
2013-06-11,163.3,164.54,162.74,163.1,158470476
2013-06-12,164.22,164.39,161.6,161.75,177363530
2013-06-13,161.66,164.5,161.3,164.21,163587777
2013-06-14,164.03,164.67,162.91,163.18,138337031
2013-06-17,164.29,165.22,163.22,164.44,136295578
2013-06-18,164.53,165.99,164.52,165.74,114695519
2013-06-19,165.6,165.89,163.38,163.45,206149463
2013-06-20,161.86,163.47,158.98,159.4,321255850
2013-06-21,159.64,159.76,157.47,159.07,271932960
2013-06-24,157.41,158.43,155.73,157.06,222334758
2013-06-25,158.48,160.1,157.42,158.58,162262138
2013-06-26,159.87,160.5,159.25,160.14,134847909
2013-06-27,161.1,161.82,160.95,161.08,129483673
2013-06-28,160.63,161.4,159.86,160.42,160402823
2013-07-01,161.26,162.48,161.08,161.36,131954792
2013-07-02,161.12,162.3,160.5,161.21,154863617
2013-07-03,160.48,161.77,160.22,161.28,75216341
2013-07-05,162.47,163.08,161.3,163.02,122416847
2013-07-08,163.86,164.39,163.08,163.94,108092440
2013-07-09,164.98,165.33,164.27,165.13,119297903
2013-07-10,164.97,165.75,164.63,165.19,121410362
2013-07-11,167.11,167.61,165.18,167.44,135592163
2013-07-12,167.39,167.93,167.13,167.51,104212650
2013-07-15,167.97,168.39,167.68,168.16,69450551
2013-07-16,168.26,168.36,167.07,167.52,88702093
2013-07-17,168.16,168.48,167.73,167.95,92873880
2013-07-18,168.31,169.27,168.2,168.87,103620266
2013-07-19,168.52,169.23,168.31,169.17,103831633
2013-07-22,169.41,169.74,169.01,169.5,79428559
2013-07-23,169.8,169.83,169.05,169.14,80829656
2013-07-24,169.79,169.86,168.18,168.52,112913979
2013-07-25,168.22,169.08,167.94,168.93,111156540
2013-07-26,168.22,169.16,167.52,169.11,107814531
2013-07-29,168.68,169.06,168.11,168.59,79845115
2013-07-30,169.1,169.28,168.19,168.59,85216968
2013-07-31,168.94,169.85,168.49,168.71,142388621
2013-08-01,169.99,170.81,169.9,170.66,110438393
2013-08-02,170.28,170.97,170.05,170.95,91116603
2013-08-05,170.57,170.96,170.35,170.7,54072643
2013-08-06,170.37,170.74,169.35,169.73,87494967
2013-08-07,169.19,169.43,168.55,169.18,84854618
2013-08-08,169.98,170.18,168.93,169.8,102181229
2013-08-09,169.58,170.1,168.72,169.31,91856453
2013-08-12,168.46,169.31,168.38,169.11,68593204
2013-08-13,169.41,169.9,168.41,169.61,80806030
2013-08-14,169.53,169.8,168.7,168.74,79829169
2013-08-15,167.41,167.43,166.09,166.38,152931740
2013-08-16,166.06,166.63,165.5,165.83,130868145
2013-08-19,165.64,166.21,164.76,164.77,96437569
2013-08-20,165.04,166.2,164.86,165.58,89294374
2013-08-21,165.12,166.03,164.19,164.56,159530482
2013-08-22,164.9,166.3,164.89,166.06,101471352
2013-08-23,166.55,166.83,165.77,166.62,90893581
2013-08-26,166.79,167.3,165.89,166.0,89705051
2013-08-27,164.36,166.0,163.21,163.33,158621736
2013-08-28,163.26,164.49,163.05,163.91,108112952
2013-08-29,163.55,165.04,163.4,164.17,119200461
2013-08-30,164.51,164.53,163.17,163.65,134928918
2013-09-03,165.23,165.58,163.7,164.39,142375036
2013-09-04,164.43,166.03,164.14,165.75,97389357
2013-09-05,165.85,166.4,165.73,165.96,63090428
2013-09-06,166.51,166.98,164.48,166.04,159756439
2013-09-09,166.45,167.73,166.45,167.63,87559246
2013-09-10,168.64,168.9,168.26,168.87,105847733
2013-09-11,168.64,169.4,168.35,169.4,89414958
2013-09-12,169.34,169.56,168.72,168.95,83208998
2013-09-13,169.13,169.46,168.74,169.33,72727764
2013-09-16,171.16,171.24,170.04,170.31,126187482
2013-09-17,170.46,171.11,170.46,171.07,82523205
2013-09-18,171.01,173.52,170.58,173.05,203460601
2013-09-19,173.52,173.6,172.58,172.76,146616842
2013-09-20,172.33,172.33,170.58,170.72,132867912
2013-09-23,170.49,170.65,169.39,169.93,104616418
2013-09-24,169.9,170.53,169.21,169.53,106333010
2013-09-25,169.64,169.98,168.89,169.04,117306473
2013-09-26,169.32,170.17,169.05,169.69,77146878
2013-09-27,168.84,169.14,168.47,168.91,99141710
2013-09-30,167.48,168.54,167.15,168.01,143937398
2013-10-01,168.14,169.5,167.97,169.34,127160442
2013-10-02,168.35,169.34,167.83,169.18,113349748
2013-10-03,168.79,168.94,166.84,167.62,176698430
2013-10-04,167.75,169.06,167.53,168.89,96878377
2013-10-07,167.42,168.45,167.25,167.43,96295115
2013-10-08,167.4,167.62,165.36,165.48,178014932
2013-10-09,165.8,166.2,164.53,165.6,168972837
2013-10-10,167.29,169.26,167.23,169.17,195954729
2013-10-11,168.91,170.32,168.77,170.26,105039740
2013-10-14,169.21,171.08,169.08,170.94,112106394
2013-10-15,170.51,171.15,169.47,169.7,155484509
2013-10-16,170.72,172.16,170.64,172.07,161676079
2013-10-17,171.37,173.32,171.34,173.22,129389185
2013-10-18,173.86,174.51,173.51,174.39,138315691
2013-10-21,174.45,174.75,174.01,174.4,104103543
2013-10-22,174.91,175.93,174.43,175.41,126663233
2013-10-23,174.81,174.89,173.96,174.57,105484397
2013-10-24,174.92,175.37,174.51,175.15,70350456
2013-10-25,175.51,176.0,175.17,175.95,93625090
2013-10-28,175.89,176.47,175.7,176.23,84979018
2013-10-29,176.63,177.24,176.38,177.17,87401344
2013-10-30,177.38,177.51,175.66,176.29,140001834
2013-10-31,176.15,176.89,175.53,175.79,133795417
2013-11-01,176.02,176.61,175.22,176.21,142805050
2013-11-04,176.69,176.9,175.98,176.83,85676773
2013-11-05,176.14,176.75,175.57,176.27,85824778
2013-11-06,177.03,177.5,176.54,177.17,87347728
2013-11-07,177.5,177.64,174.76,174.93,157000422
2013-11-08,174.87,177.31,174.85,177.29,136712623
2013-11-11,177.12,177.53,176.91,177.32,62614326
2013-11-12,176.94,177.36,176.37,176.96,83989617
2013-11-13,176.09,178.43,176.09,178.38,103844266
2013-11-14,178.54,179.42,178.25,179.27,103435238
2013-11-15,179.56,180.12,179.33,180.05,102818190
2013-11-18,180.35,180.5,179.02,179.42,104796009
2013-11-19,179.33,179.87,178.72,179.03,93891416
2013-11-20,179.39,179.93,177.98,178.47,124908601
2013-11-21,178.97,180.05,178.86,179.91,92841271
2013-11-22,179.98,180.83,179.77,180.81,81295887
2013-11-25,181.13,181.17,180.37,180.63,79485709
2013-11-26,180.72,181.22,180.4,180.68,86993560
2013-11-27,180.87,181.24,180.65,181.12,58800056
2013-11-29,181.32,181.75,180.8,181.0,55870903
2013-12-02,181.09,181.43,180.25,180.53,99725781
2013-12-03,179.94,180.39,179.17,179.75,116563302
2013-12-04,179.1,180.48,178.35,179.73,123032637
2013-12-05,179.41,179.74,178.77,178.94,106934067
2013-12-06,180.67,181.11,180.15,180.94,127727518
2013-12-09,181.47,181.67,181.16,181.4,70123608
2013-12-10,180.98,181.36,180.64,180.75,80976207
2013-12-11,180.83,180.85,178.5,178.72,130590810
2013-12-12,178.63,178.86,177.76,178.13,115564840
2013-12-13,178.48,178.66,177.77,178.11,107807610
2013-12-16,179.0,179.81,178.9,179.22,96194790
2013-12-17,179.39,179.41,178.25,178.65,89886224
2013-12-18,178.93,181.73,177.32,181.7,234906482
2013-12-19,181.19,181.7,180.71,181.49,136298872
2013-12-20,180.68,181.99,180.57,181.56,197086908
2013-12-23,182.41,182.64,182.06,182.53,85597541
2013-12-24,182.54,183.01,182.53,182.93,45368841
2013-12-26,183.34,183.96,183.32,183.86,63365227
2013-12-27,184.1,184.18,183.66,183.84,61813841
2013-12-30,183.87,184.02,183.58,183.82,56857458
2013-12-31,184.07,184.69,183.93,184.69,86247638
2014-01-02,183.98,184.07,182.48,182.92,119636836
2014-01-03,183.21,183.6,182.63,182.88,81390502
2014-01-06,183.47,183.56,182.08,182.36,108028139
2014-01-07,183.09,183.79,182.95,183.48,86144169
2014-01-08,183.45,183.83,182.89,183.52,96582234
2014-01-09,184.1,184.13,182.8,183.64,90683302
2014-01-10,183.95,184.22,183.01,184.14,102026318
2014-01-13,183.71,184.18,181.34,181.68,149891938
2014-01-14,182.28,183.77,181.95,183.67,105016055
2014-01-15,184.1,184.94,183.71,184.66,98525721
2014-01-16,184.28,184.66,183.83,184.42,72290520
2014-01-17,184.1,184.45,183.32,183.64,107848616
2014-01-21,184.7,184.77,183.05,184.18,88621138
2014-01-22,184.49,184.57,183.91,184.3,61270816
2014-01-23,183.36,183.4,181.82,182.79,132496880
2014-01-24,181.6,181.66,178.83,178.89,208677093
2014-01-27,179.06,179.52,177.12,178.01,180843004
2014-01-28,178.14,179.3,178.12,179.07,110463152
2014-01-29,177.56,178.55,176.88,177.35,216597269
2014-01-30,178.86,179.81,178.26,179.23,118938051
2014-01-31,177.02,179.29,176.92,178.18,194677861
2014-02-03,177.95,178.37,173.83,174.17,254837004
2014-02-04,174.95,175.84,174.11,175.38,165012351
2014-02-05,174.79,175.56,173.71,175.17,164230470
2014-02-06,175.58,177.48,175.22,177.48,132877526
2014-02-07,178.31,179.87,177.73,179.68,170787197
2014-02-10,179.7,180.07,179.21,180.01,92218729
2014-02-11,180.16,182.44,180.04,181.98,117814009
2014-02-12,182.22,182.83,181.7,182.07,94717638
2014-02-13,180.84,183.2,180.83,183.01,100542155
2014-02-14,182.84,184.36,182.67,184.02,96498305
2014-02-18,184.19,184.49,183.65,184.24,80460878
2014-02-19,183.76,184.95,182.87,183.02,126524261
2014-02-20,183.27,184.52,182.6,184.1,104998099
2014-02-21,184.49,184.89,183.8,183.89,118116359
2014-02-24,184.28,186.15,184.2,184.91,114063868
2014-02-25,185.03,185.59,184.23,184.84,117084901
2014-02-26,185.11,185.6,184.33,184.85,98677144
2014-02-27,184.59,185.87,184.37,185.82,93880780
2014-02-28,185.79,187.15,185.05,186.29,150842000
2014-03-03,184.69,185.45,183.75,184.98,167748455
2014-03-04,186.75,187.98,186.75,187.58,167545852
2014-03-05,187.72,188.07,187.45,187.75,88376859
2014-03-06,188.21,188.61,187.78,188.18,82516500
2014-03-07,188.87,188.96,187.43,188.26,114513432
2014-03-10,187.94,188.23,187.08,188.16,74939176
2014-03-11,188.44,188.71,186.8,187.23,99009013
2014-03-12,186.32,187.35,185.9,187.28,104824323
2014-03-13,187.84,187.99,184.66,185.18,155014237
2014-03-14,184.8,185.8,184.44,184.66,153919598
2014-03-17,185.59,186.77,185.51,186.33,98359454
2014-03-18,186.71,187.91,186.51,187.66,101804519
2014-03-19,187.7,187.94,185.47,186.66,176267253
2014-03-20,186.25,187.89,185.92,187.75,117240972
2014-03-21,187.72,189.02,186.03,186.2,163127905
2014-03-24,186.82,187.07,184.62,185.43,121411145
2014-03-25,186.37,186.94,185.27,186.31,103851737
2014-03-26,187.03,187.34,184.92,184.97,119842897
2014-03-27,184.77,185.34,183.9,184.58,142382757
2014-03-28,185.1,186.42,185.0,185.49,101641547
2014-03-31,186.65,187.3,185.52,187.01,99744911
2014-04-01,187.62,188.36,187.0,188.25,89193125
2014-04-02,188.5,189.13,188.14,188.88,78773818
2014-04-03,189.17,189.22,188.05,188.63,77435320
2014-04-04,189.64,189.7,186.1,186.4,169380705
2014-04-07,185.9,186.26,183.96,184.34,140802699
2014-04-08,184.21,185.4,183.59,185.1,112659755
2014-04-09,185.6,187.15,185.06,187.09,100253612
2014-04-10,187.09,187.17,182.93,183.16,172959331
2014-04-11,182.17,183.42,181.31,181.51,167250792
2014-04-14,182.93,183.37,181.44,182.94,132381601
2014-04-15,183.32,184.33,181.51,184.2,157092533
2014-04-16,185.47,186.14,184.65,186.12,105196633
2014-04-17,185.88,186.91,185.56,186.39,105254649
2014-04-21,186.44,187.1,186.21,187.04,68329343
2014-04-22,187.23,188.4,187.13,187.89,85790307
2014-04-23,187.81,187.92,187.3,187.45,73869384
2014-04-24,188.37,188.39,186.93,187.83,88169916
2014-04-25,187.21,187.33,185.87,186.29,100380205
2014-04-28,187.05,187.69,184.96,186.88,135121094
2014-04-29,187.48,188.04,187.08,187.75,84097551
2014-04-30,187.44,188.5,187.18,188.31,101507717
2014-05-01,188.22,188.84,187.73,188.32,93019095
2014-05-02,188.31,189.14,187.78,188.06,98121662
2014-05-05,187.14,188.55,186.62,188.42,75882739
2014-05-06,188.0,188.13,186.74,186.78,85454226
2014-05-07,187.43,187.97,186.01,187.88,106500480
2014-05-08,187.67,189.05,187.08,187.68,93617513
2014-05-09,187.69,188.04,186.83,187.96,83678568
2014-05-12,188.76,189.88,188.0,189.78,86940045
2014-05-13,190.03,190.42,189.77,189.96,66453965
2014-05-14,189.79,189.88,188.79,189.06,72366848
2014-05-15,188.67,188.72,186.48,187.4,154956399
2014-05-16,187.51,188.13,186.72,188.05,97457678
2014-05-19,187.69,188.89,187.52,188.74,63839398
2014-05-20,188.64,188.67,187.07,187.55,111644478
2014-05-21,188.1,189.22,188.06,189.13,89093285
2014-05-22,189.18,189.98,188.86,189.59,61549345
2014-05-23,189.75,190.48,189.59,190.35,60156088
2014-05-27,191.05,191.58,190.95,191.52,72010355
2014-05-28,191.52,191.82,191.06,191.38,66722865
2014-05-29,191.82,192.4,191.33,192.37,64376573
2014-05-30,192.19,192.8,192.03,192.68,76315640
2014-06-02,192.95,192.99,191.97,192.9,64655648
2014-06-03,192.4,192.9,192.25,192.8,65047193
2014-06-04,192.47,193.3,192.26,193.19,55529372
2014-06-05,193.41,194.65,192.7,194.45,92102592
2014-06-06,194.87,195.43,194.78,195.38,78696219
2014-06-09,195.35,196.05,195.17,195.58,65118828
2014-06-10,195.33,195.64,194.92,195.6,57129440
2014-06-11,194.9,195.12,194.48,194.92,68772479
2014-06-12,194.65,194.8,193.11,193.54,106350200
2014-06-13,193.9,194.32,193.3,194.13,82017278
2014-06-16,193.89,194.7,193.66,194.29,87424332
2014-06-17,194.02,194.97,193.81,194.83,84833876
2014-06-18,194.83,196.37,194.4,196.26,105266767
2014-06-19,196.43,196.6,195.8,196.48,85928920
2014-06-20,196.03,196.1,195.7,195.94,100587108
2014-06-23,195.97,196.05,195.52,195.88,70611486
2014-06-24,195.53,196.5,194.48,194.7,96236917
2014-06-25,194.25,195.78,194.25,195.58,82781912
2014-06-26,195.61,195.63,194.13,195.44,84311822
2014-06-27,194.98,195.88,194.88,195.82,71453616
2014-06-30,195.7,196.16,195.53,195.72,70504228
2014-07-01,196.19,197.63,196.13,197.03,90470121
2014-07-02,197.05,197.48,196.96,197.23,52474832
2014-07-03,197.79,198.29,197.64,198.2,52938832
2014-07-07,197.82,197.98,197.22,197.51,61696447
2014-07-08,197.15,197.22,195.76,196.24,108142552
2014-07-09,196.73,197.3,196.31,197.12,72992322
2014-07-10,195.22,196.86,195.06,196.34,99040407
2014-07-11,196.22,196.75,195.78,196.61,64243410
2014-07-14,197.61,197.86,197.44,197.6,58657919
2014-07-15,197.72,198.1,196.36,197.23,111346230
2014-07-16,198.11,198.26,197.42,197.96,80073242
2014-07-17,197.35,198.1,195.43,195.71,145398459
2014-07-18,196.35,197.91,196.24,197.71,124330419
2014-07-21,197.09,197.5,196.43,197.34,67591618
2014-07-22,198.01,198.56,197.87,198.2,67677602
2014-07-23,198.5,198.85,198.1,198.64,65611830
2014-07-24,198.83,199.06,198.45,198.65,56888093
2014-07-25,198.09,198.26,197.33,197.72,76837257
2014-07-28,197.76,198.09,196.62,197.8,69258785
2014-07-29,198.17,198.45,196.92,196.95,80466351
2014-07-30,197.65,197.91,196.16,196.98,104222452
2014-07-31,195.61,195.78,192.97,193.09,183479441
2014-08-01,192.56,193.76,191.57,192.5,189260864
2014-08-04,192.87,194.3,192.05,193.89,91340487
2014-08-05,193.1,193.6,191.31,192.01,152690379
2014-08-06,191.11,192.89,191.08,192.07,94818317
2014-08-07,192.94,193.13,190.55,191.03,135733421
2014-08-08,191.46,193.37,190.95,193.24,117014384
2014-08-11,193.96,194.66,193.71,193.8,74543691
2014-08-12,193.61,194.15,192.94,193.53,73631640
2014-08-13,194.29,195.06,193.96,194.84,69046544
2014-08-14,195.16,195.76,194.98,195.76,57370793
2014-08-15,196.47,196.65,194.31,195.72,139950669
2014-08-18,196.8,197.45,196.69,197.36,75424360
2014-08-19,197.84,198.54,197.44,198.39,59134709
2014-08-20,198.12,199.16,198.08,198.92,72762541
2014-08-21,199.09,199.76,198.93,199.5,67790690
2014-08-22,199.34,199.69,198.74,199.19,76107359
2014-08-25,200.14,200.59,199.15,200.2,63855022
2014-08-26,200.33,200.82,200.28,200.33,47298324
2014-08-27,200.43,200.57,199.94,200.25,47873708
2014-08-28,199.59,200.27,199.39,200.14,58330373
2014-08-29,200.45,200.73,199.82,200.71,65906598
2014-09-02,200.97,201.0,199.86,200.61,72425793
2014-09-03,201.38,201.41,200.22,200.5,57461742
2014-09-04,200.84,201.58,199.66,200.21,85236442
2014-09-05,200.17,201.19,199.41,201.11,102176784
2014-09-08,200.92,201.21,200.0,200.59,64145745
2014-09-09,200.41,200.55,198.91,199.32,88590876
2014-09-10,199.43,200.2,198.77,200.07,67251103
2014-09-11,199.27,200.33,199.12,200.3,66823558
2014-09-12,200.1,200.12,198.56,199.13,117478516
2014-09-15,199.16,199.32,198.38,198.98,76401421
2014-09-16,198.61,200.84,198.5,200.48,116200722
2014-09-17,200.77,201.68,199.75,200.75,151265896
2014-09-18,201.36,201.85,201.1,201.82,94990300
2014-09-19,201.52,201.9,200.29,200.7,121649147
2014-09-22,200.35,200.38,198.73,199.15,125552758
2014-09-23,198.43,199.26,197.95,198.01,111393319
2014-09-24,198.04,199.69,197.52,199.56,107275635
2014-09-25,199.04,199.05,196.27,196.34,150300028
2014-09-26,196.7,198.39,196.42,197.9,103546740
2014-09-29,196.2,197.89,196.05,197.54,95111605
2014-09-30,197.69,198.3,196.61,197.02,131302082
2014-10-01,196.7,196.77,193.91,194.35,177797862
2014-10-02,194.18,195.06,192.35,194.38,157285182
2014-10-03,195.68,196.94,195.08,196.52,121568769
2014-10-06,197.34,197.6,195.58,196.29,104778335
2014-10-07,195.28,195.72,193.22,193.26,147913498
2014-10-08,193.37,196.92,192.36,196.64,186461453
2014-10-09,196.33,196.6,192.58,192.74,210704601
2014-10-10,192.69,193.65,190.49,190.54,221908954
2014-10-13,190.46,191.15,187.3,187.41,230938833
2014-10-14,188.42,189.82,187.04,187.7,215846527
2014-10-15,185.16,187.69,181.92,186.43,380714598
2014-10-16,183.06,187.58,182.89,186.27,270391488
2014-10-17,188.42,189.75,187.62,188.47,214624921
2014-10-20,188.13,190.45,188.07,190.3,130010813
2014-10-21,191.68,194.2,191.48,194.07,154948579
2014-10-22,194.41,194.91,192.61,192.69,151822409
2014-10-23,194.62,196.2,194.26,194.93,154944169
2014-10-24,195.25,196.49,194.49,196.43,117927286
2014-10-27,195.73,196.45,195.03,196.16,82953689
2014-10-28,196.82,198.42,196.73,198.41,106735936
2014-10-29,198.55,199.12,196.8,198.11,142557417
2014-10-30,197.58,199.95,197.4,199.38,113329976
2014-10-31,201.78,201.82,200.77,201.66,146902554
2014-11-03,201.92,202.45,201.3,201.77,93734143
2014-11-04,201.23,201.6,200.06,201.07,93342777
2014-11-05,202.54,202.59,201.45,202.34,91708574
2014-11-06,202.39,203.26,201.64,203.15,107089076
2014-11-07,203.17,203.6,202.61,203.34,89539712
2014-11-10,203.38,204.04,203.13,203.98,66318964
2014-11-11,204.06,204.31,203.65,204.18,54499375
2014-11-12,203.35,204.24,203.31,203.96,90120295
2014-11-13,204.16,204.83,203.21,204.19,85357918
2014-11-14,204.1,204.49,203.72,204.24,80417514
2014-11-17,203.85,204.58,203.65,204.37,80440954
2014-11-18,204.44,205.92,204.44,205.55,76068107
2014-11-19,205.31,205.55,204.3,205.22,82373009
2014-11-20,204.26,205.71,204.18,205.58,72840326
2014-11-21,207.64,207.84,205.98,206.68,142327285
2014-11-24,207.17,207.39,206.91,207.26,65880759
2014-11-25,207.54,207.79,206.8,207.11,79108301
2014-11-26,207.29,207.76,207.03,207.64,62167832
2014-11-28,207.49,207.87,206.91,207.2,57890088
2014-12-01,206.4,206.54,205.38,205.76,103968354
2014-12-02,205.81,207.34,205.78,207.08,74507192
2014-12-03,207.3,208.15,207.1,207.89,68951968
2014-12-04,207.54,208.26,206.7,207.66,91316591
2014-12-05,207.87,208.47,207.55,208.0,91025470
2014-12-08,207.52,208.12,205.93,206.61,108588152
2014-12-09,204.37,206.6,203.91,206.47,125180054
2014-12-10,205.91,205.98,202.93,203.16,159856394
2014-12-11,203.88,206.19,203.71,204.19,159012805
2014-12-12,202.64,203.82,200.85,200.89,202330191
2014-12-15,201.98,202.53,198.78,199.51,189965750
2014-12-16,198.58,202.4,197.86,197.91,259543848
2014-12-17,198.44,202.34,198.29,201.79,253910092
2014-12-18,204.74,212.97,203.92,206.78,257633887
2014-12-19,206.43,207.33,205.61,206.52,245084590
2014-12-22,206.75,207.47,206.46,207.47,148318934
2014-12-23,208.17,208.23,207.4,207.75,122167931
2014-12-24,208.02,208.34,207.72,207.77,42963399
2014-12-26,208.31,208.85,208.25,208.44,57326703
2014-12-29,208.22,208.97,208.14,208.72,79643948
2014-12-30,208.21,208.37,207.51,207.6,73540761
2014-12-31,207.99,208.19,205.39,205.54,130333829
2015-01-02,206.38,206.88,204.18,205.43,121465865
2015-01-05,204.17,204.37,201.35,201.72,169632646
2015-01-06,202.09,202.72,198.86,199.82,209151408
2015-01-07,201.42,202.72,200.88,202.31,125346709
2015-01-08,204.01,206.16,203.99,205.9,147217784
2015-01-09,206.4,206.42,203.51,204.25,158567288
2015-01-12,204.41,204.6,201.92,202.65,144396067
2015-01-13,204.12,205.48,200.51,202.08,214553306
2015-01-14,199.65,201.1,198.57,200.86,192991092
2015-01-15,201.63,202.01,198.88,199.02,176613906
2015-01-16,198.77,201.82,198.55,201.63,211879605
2015-01-20,202.4,202.72,200.17,202.06,130991069
2015-01-21,201.5,203.66,200.94,203.08,122942707
2015-01-22,203.99,206.26,202.33,206.1,174356029
2015-01-23,205.79,206.1,204.81,204.97,117516753
2015-01-26,204.71,205.56,203.85,205.45,92009711
2015-01-27,202.97,204.12,201.74,202.74,134044598
2015-01-28,204.17,204.29,199.91,200.14,168514312
2015-01-29,200.38,202.3,198.68,201.99,173585424
2015-01-30,200.57,202.17,199.13,199.45,197729724
2015-02-02,200.05,202.03,197.86,201.92,163106969
2015-02-03,203.0,204.85,202.55,204.84,124212881
2015-02-04,203.92,205.38,203.51,204.06,134306728
2015-02-05,204.86,206.3,204.77,206.12,97953181
2015-02-06,206.56,207.24,204.92,205.55,125672026
2015-02-09,204.77,205.64,204.14,204.63,87219016
2015-02-10,205.88,207.12,204.68,206.81,96164183
2015-02-11,206.61,207.45,205.83,206.93,91087785
2015-02-12,207.89,208.99,206.97,208.92,97545949
2015-02-13,209.07,209.84,208.76,209.78,93670430
2015-02-17,209.4,210.32,209.1,210.11,76968199
2015-02-18,209.66,210.22,209.34,210.13,80652941
2015-02-19,209.41,210.42,209.24,209.98,91462491
2015-02-20,209.48,211.33,208.73,211.24,140896392
2015-02-23,210.94,211.21,210.48,211.21,74411054
2015-02-24,211.12,212.05,210.76,211.81,72472263
2015-02-25,211.66,212.24,211.22,211.63,73061687
2015-02-26,211.52,211.71,210.65,211.38,72697868
2015-02-27,211.26,211.58,210.6,210.66,108075972
2015-03-02,210.78,212.06,210.72,211.99,87491428
2015-03-03,211.47,212.05,210.08,211.12,110325809
2015-03-04,210.4,210.49,209.06,210.23,114497192
2015-03-05,210.62,210.8,209.85,210.46,76872957
2015-03-06,209.42,209.94,207.1,207.5,188127982
2015-03-09,207.74,208.79,207.55,208.36,89818893
2015-03-10,206.71,206.81,204.93,204.98,157121263
2015-03-11,205.29,205.5,204.4,204.5,110145718
2015-03-12,205.26,207.18,205.2,207.1,93993523
2015-03-13,206.77,207.93,204.58,205.83,162410893
2015-03-16,206.71,208.69,205.86,208.58,136099192
2015-03-17,207.69,208.42,206.98,207.96,94510422
2015-03-18,207.39,211.27,206.62,210.46,228808524
2015-03-19,209.96,210.47,209.03,209.5,117917302
2015-03-20,209.71,211.02,209.49,210.41,177715081
2015-03-23,210.42,211.11,210.0,210.0,71784536
2015-03-24,209.85,210.4,208.74,208.82,77805321
2015-03-25,209.07,209.35,205.71,205.76,159521708
2015-03-26,204.96,206.37,204.12,205.27,153067241
2015-03-27,205.13,205.95,204.9,205.74,118938966
2015-03-30,206.98,208.61,206.96,208.25,96180365
2015-03-31,207.26,208.1,206.36,206.43,126768703
2015-04-01,206.39,206.42,204.51,205.7,137303584
2015-04-02,205.62,206.98,205.4,206.44,86900906
2015-04-06,205.37,208.45,205.21,207.83,114368155
2015-04-07,207.86,208.76,207.24,207.28,81236337
2015-04-08,207.55,208.51,207.08,207.98,89351939
2015-04-09,207.78,209.18,207.19,208.9,85548854
2015-04-10,209.2,210.09,208.96,210.04,72722915
2015-04-13,209.87,210.63,209.03,209.09,74436594
2015-04-14,208.85,209.71,208.1,209.49,75099866
2015-04-15,210.05,211.04,209.95,210.43,99529320
2015-04-16,210.03,210.98,209.79,210.37,68934864
2015-04-17,208.94,209.23,207.01,207.95,191113230
2015-04-20,209.06,210.25,208.96,209.85,92189481
2015-04-21,210.67,210.86,209.24,209.6,72559831
2015-04-22,210.01,210.85,208.9,210.63,78264616
2015-04-23,210.15,211.94,210.01,211.16,102585942
2015-04-24,211.66,211.97,211.11,211.65,61327387
2015-04-27,212.33,212.48,210.54,210.77,79358126
2015-04-28,210.74,211.5,209.33,211.44,86863531
2015-04-29,210.37,211.29,209.6,210.57,125684903
2015-04-30,209.88,210.35,207.62,208.46,161304890
2015-05-01,209.4,210.77,209.28,210.72,103399711
2015-05-04,211.23,212.02,211.1,211.32,70927235
2015-05-05,211.03,211.46,208.73,208.9,113326156
2015-05-06,209.56,209.93,206.76,208.04,135060151
2015-05-07,207.92,209.38,207.52,208.87,88244940
2015-05-08,210.88,211.86,210.78,211.62,155877260
2015-05-11,211.57,211.89,210.52,210.6,75708065
2015-05-12,209.61,210.63,208.62,209.98,119727592
2015-05-13,210.47,211.22,209.74,210.02,94667943
2015-05-14,211.24,212.32,210.91,212.21,95934006
2015-05-15,212.44,212.61,211.86,212.44,76510099
2015-05-18,212.24,213.4,212.16,213.1,74549685
2015-05-19,213.24,213.57,212.69,213.03,72114610
2015-05-20,213.15,213.78,212.5,212.88,76857530
2015-05-21,212.71,213.75,212.51,213.5,64764585
2015-05-22,213.04,213.54,212.91,212.99,57433495
2015-05-26,212.4,212.91,210.2,210.7,124308584
2015-05-27,211.25,212.98,210.76,212.7,93213981
2015-05-28,212.33,212.59,211.63,212.46,74974560
2015-05-29,212.38,212.43,210.82,211.14,124919611
2015-06-01,211.94,212.34,210.62,211.57,93338750
2015-06-02,211.02,212.19,210.27,211.36,91531012
2015-06-03,212.0,212.67,211.33,211.92,87820909
2015-06-04,211.07,211.86,209.75,210.13,151882820
2015-06-05,209.95,210.58,208.98,209.77,121704676
2015-06-08,209.64,209.82,208.39,208.48,89063330
2015-06-09,208.45,209.1,207.69,208.45,105034690
2015-06-10,209.37,211.41,209.3,210.95,134551285
2015-06-11,211.48,212.09,211.2,211.63,73876447
2015-06-12,210.64,211.48,209.68,210.01,135382369
2015-06-15,208.64,209.45,207.79,209.11,124384184
2015-06-16,208.93,210.35,208.72,210.25,85308227
2015-06-17,210.59,211.32,209.36,210.59,126708635
2015-06-18,211.31,213.34,210.63,212.78,165867949
2015-06-19,211.46,211.55,210.36,210.81,130478689
2015-06-22,211.9,212.59,211.64,211.89,70696027
2015-06-23,212.14,212.44,211.57,212.04,68476797
2015-06-24,211.72,212.17,210.47,210.5,92307318
2015-06-25,211.1,211.25,209.77,209.86,97107361
2015-06-26,210.29,210.58,209.16,209.82,104174840
2015-06-29,208.04,209.83,205.33,205.42,202621332
2015-06-30,207.26,207.32,205.28,205.85,182925106
2015-07-01,207.73,208.03,206.56,207.5,135979873
2015-07-02,208.07,208.27,206.81,207.31,104373652
2015-07-06,205.77,207.65,205.53,206.72,117975369
2015-07-07,206.96,208.17,204.11,208.02,173820249
2015-07-08,208.02,206.76,204.25,204.53,164020059
2015-07-09,207.04,207.35,204.77,204.9,144113107
2015-07-10,207.29,207.98,204.95,207.48,129456890
2015-07-13,208.99,209.9,208.94,209.77,106069400
2015-07-14,209.72,211.05,209.65,210.68,81709575
2015-07-15,210.73,211.28,210.04,210.61,97914141
2015-07-16,211.87,212.3,211.58,212.3,106683266
2015-07-17,212.29,212.55,211.8,212.48,89029973
2015-07-20,212.75,213.18,212.21,212.59,70446821
2015-07-21,212.43,212.74,211.39,211.75,77965048
2015-07-22,210.93,211.77,210.89,211.37,88667920
2015-07-23,211.53,211.65,209.75,210.18,90509128
2015-07-24,210.3,210.37,207.6,208.0,117754979
2015-07-27,206.94,207.55,206.26,206.79,132361082
2015-07-28,207.79,209.5,206.8,209.33,123544845
2015-07-29,209.48,211.04,209.31,210.77,105791255
2015-07-30,210.16,211.02,209.42,210.82,91304374
2015-07-31,211.42,211.45,210.16,210.5,103266857
2015-08-03,210.46,210.53,208.65,209.79,113965728
2015-08-04,209.7,210.25,208.8,209.38,81820823
2015-08-05,210.45,211.31,209.73,210.07,85786817
2015-08-06,210.29,210.42,207.65,208.35,116030803
2015-08-07,208.16,208.34,206.87,207.95,117857956
2015-08-10,209.28,210.67,209.28,210.57,80270676
2015-08-11,208.97,209.47,207.76,208.67,126081377
2015-08-12,207.11,209.14,205.36,208.92,172123672
2015-08-13,208.73,209.55,208.01,208.66,89383253
2015-08-14,208.43,209.51,208.26,209.42,72786528
2015-08-17,208.71,210.59,208.16,210.59,79072643
2015-08-18,210.26,210.68,209.7,209.98,71692678
2015-08-19,209.09,210.01,207.35,208.32,172945975
2015-08-20,206.51,208.29,203.9,204.01,188596312
2015-08-21,201.73,203.94,197.52,197.63,335775082
2015-08-24,187.49,197.48,182.4,189.55,484852614
2015-08-25,195.43,195.45,186.92,187.23,359334559
2015-08-26,192.08,194.79,188.37,194.68,330022191
2015-08-27,197.02,199.42,195.21,199.16,268793727
2015-08-28,198.5,199.84,197.92,199.24,145039278
2015-08-31,198.11,199.12,197.01,197.54,154776440
2015-09-01,193.12,194.77,190.73,191.92,245336268
2015-09-02,194.62,195.46,192.42,195.36,155982590
2015-09-03,196.26,198.05,194.96,195.65,149536844
2015-09-04,192.85,193.86,191.61,192.56,189333425
2015-09-08,195.94,197.61,195.17,197.46,111802406
2015-09-09,199.32,199.47,194.35,194.79,143843485
2015-09-10,194.56,197.22,194.25,195.85,151047966
2015-09-11,195.38,196.82,194.53,196.81,111133368
2015-09-14,196.95,197.01,195.43,196.01,76519092
2015-09-15,196.61,198.99,195.96,198.46,109363010
2015-09-16,198.82,200.41,198.41,200.18,96920964
2015-09-17,200.02,202.89,199.28,199.73,261379872
2015-09-18,195.71,198.68,194.96,195.36,215841130
2015-09-21,196.44,197.68,195.21,196.46,102789474
2015-09-22,193.88,194.46,192.56,193.9,143295383
2015-09-23,194.11,194.67,192.91,193.6,91820194
2015-09-24,192.15,193.45,190.56,192.93,155699704
2015-09-25,194.64,195.0,191.81,192.86,146455318
2015-09-28,191.78,191.91,187.64,188.01,159583396
2015-09-29,188.27,189.74,186.93,188.12,152923805
2015-09-30,190.37,191.82,189.44,191.63,157904505
2015-10-01,192.08,192.49,189.82,192.16,128343552
2015-10-02,189.77,195.03,189.12,195.0,207189030
2015-10-05,196.46,198.74,196.33,198.47,123748244
2015-10-06,198.31,198.98,197.0,197.81,108922460
2015-10-07,198.9,199.82,197.48,199.41,122148056
2015-10-08,198.95,201.55,198.59,201.21,148650429
2015-10-09,201.38,201.9,200.58,201.33,103724868
2015-10-12,201.42,201.76,200.91,201.52,55724977
2015-10-13,200.65,202.16,200.05,200.25,86412301
2015-10-14,200.18,200.87,198.94,199.29,97241068
2015-10-15,200.08,202.36,199.64,202.29,129994847
2015-10-16,202.83,203.29,201.92,203.27,111598761
2015-10-19,202.5,203.37,202.13,203.32,74403014
2015-10-20,202.85,203.84,202.55,203.11,76338239
2015-10-21,203.61,203.79,201.65,201.85,100489757
2015-10-22,202.98,205.51,201.85,205.26,168893359
2015-10-23,207.25,207.95,206.3,207.51,141523333
2015-10-26,207.3,207.37,206.56,206.99,68090390
2015-10-27,206.2,207.0,205.79,206.57,75171862
2015-10-28,207.0,208.98,206.21,208.94,134819531
2015-10-29,208.35,209.27,208.21,208.83,85442289
2015-10-30,209.06,209.44,207.74,207.93,130181307
2015-11-02,208.32,210.62,208.17,210.33,83311007
2015-11-03,209.97,211.66,209.7,211.0,94726690
2015-11-04,211.35,211.5,209.72,210.36,95307983
2015-11-05,210.43,210.98,209.09,210.15,76716253
2015-11-06,209.74,210.32,208.46,210.04,108580729
2015-11-09,209.31,209.49,206.95,208.08,126638839
2015-11-10,207.51,208.6,207.19,208.56,74325478
2015-11-11,208.88,208.94,207.66,207.67,67508433
2015-11-12,206.5,207.06,204.82,204.84,118890536
2015-11-13,204.35,204.67,202.44,202.54,150682357
2015-11-16,202.32,205.69,202.18,205.62,115930080
2015-11-17,205.99,207.04,204.88,205.47,115909699
2015-11-18,206.04,208.9,205.99,208.73,115434210
2015-11-19,208.59,209.05,208.2,208.55,83129793
2015-11-20,209.45,210.12,208.86,209.31,92068633
2015-11-23,209.38,209.98,208.52,209.07,63857028
2015-11-24,207.87,209.83,207.41,209.35,97174300
2015-11-25,209.5,209.74,209.01,209.32,51980062
2015-11-27,209.43,209.8,208.86,209.56,37302577
2015-11-30,209.75,209.89,208.56,208.69,110123708
2015-12-01,209.44,210.82,209.11,210.68,97051205
2015-12-02,210.62,211.0,208.23,208.53,107220116
2015-12-03,208.83,209.15,204.75,205.61,166224154
2015-12-04,206.08,209.97,205.93,209.62,192913879
2015-12-07,209.23,209.73,207.2,208.35,102027111
2015-12-08,206.49,208.29,205.78,206.95,103372367
2015-12-09,206.19,208.68,204.18,205.34,162401537
2015-12-10,205.42,207.43,205.14,205.87,116128884
2015-12-11,203.35,204.14,201.51,201.88,211173305
2015-12-14,202.07,203.05,199.95,202.9,178914452
2015-12-15,204.7,206.11,202.87,205.03,154069569
2015-12-16,206.36,208.39,204.8,208.03,197017008
2015-12-17,208.4,208.48,204.84,204.86,173092476
2015-12-18,202.77,202.93,199.83,200.02,251393535
2015-12-21,201.41,201.88,200.09,201.67,99094290
2015-12-22,202.72,203.85,201.55,203.5,111026246
2015-12-23,204.69,206.07,204.58,206.02,110987228
2015-12-24,205.72,206.33,205.42,205.68,48542150
2015-12-28,204.86,205.26,203.94,205.21,65899939
2015-12-29,206.51,207.79,206.47,207.4,92640672
2015-12-30,207.11,207.21,205.76,205.93,63317679
2015-12-31,205.13,205.89,203.87,203.87,114877859
2016-01-04,200.49,201.03,198.59,201.02,218722198
2016-01-05,201.4,201.9,200.05,201.36,110845849
2016-01-06,198.34,200.06,197.6,198.82,152112604
2016-01-07,195.33,197.44,193.59,194.05,213436073
2016-01-08,195.19,195.85,191.58,191.92,209817228
2016-01-11,193.01,193.41,189.82,192.11,187941323
2016-01-12,193.82,194.55,191.14,193.66,172330490
2016-01-13,194.45,194.86,188.38,188.83,218780219
2016-01-14,189.55,193.26,187.66,191.93,237705564
2016-01-15,186.77,188.76,185.52,187.81,317904944
2016-01-19,189.96,190.11,186.2,188.06,192723808
2016-01-20,185.03,187.5,181.02,185.65,283288870
2016-01-21,186.21,188.87,184.64,186.69,191085235
2016-01-22,189.78,190.76,188.88,190.52,166679398
2016-01-25,189.92,190.15,187.41,187.64,127112162
2016-01-26,188.42,190.53,188.02,190.2,138004751
2016-01-27,189.58,191.56,187.06,188.13,184186327
2016-01-28,189.96,190.2,187.16,189.11,142851654
2016-01-29,190.02,193.88,189.88,193.72,204034161
2016-02-01,192.53,194.58,191.84,193.65,133582159
2016-02-02,191.96,191.97,189.54,190.16,175500039
2016-02-03,191.41,191.78,187.1,191.3,204060878
2016-02-04,190.71,192.75,189.96,191.6,137261874
2016-02-05,190.99,191.67,187.2,187.95,178436180
2016-02-08,185.77,186.12,182.8,185.42,189248416
2016-02-09,183.36,186.94,183.2,185.43,179281791
2016-02-10,186.41,188.34,185.12,185.27,146910485
2016-02-11,182.34,184.1,181.09,182.86,214629542
2016-02-12,184.96,186.65,183.96,186.63,127093730
2016-02-16,188.77,189.81,187.63,189.78,115542766
2016-02-17,191.16,193.32,191.01,192.88,134203601
2016-02-18,193.2,193.27,191.72,192.09,101076515
2016-02-19,191.17,192.18,190.45,192.0,114081542
2016-02-22,193.87,194.95,193.79,194.78,101699014
2016-02-23,194.0,194.32,192.18,192.32,109902798
2016-02-24,190.63,193.53,189.32,193.2,149607920
2016-02-25,193.73,195.55,192.83,195.54,109183249
2016-02-26,196.57,196.68,194.9,195.09,128348228
2016-02-29,195.11,196.23,193.33,193.35,122448542
2016-03-01,195.01,198.21,194.45,198.11,139070843
2016-03-02,197.74,199.06,197.25,199.0,101264715
2016-03-03,198.79,199.8,198.11,199.78,94597431
2016-03-04,200.01,201.35,199.03,200.43,127953606
2016-03-07,199.34,201.07,199.25,200.59,99778790
2016-03-08,199.32,199.92,198.21,198.4,121952823
2016-03-09,199.36,199.79,198.43,199.38,93372316
2016-03-10,199.96,201.07,197.38,199.54,154899074
2016-03-11,201.26,202.81,199.52,202.76,135926900
2016-03-14,202.16,203.04,201.77,202.5,73346912
2016-03-15,201.36,202.53,201.05,202.17,93169090
2016-03-16,201.6,203.82,201.55,203.34,125361832
2016-03-17,203.24,205.23,202.77,204.63,130871283
2016-03-18,204.17,204.78,203.8,204.38,134715170
2016-03-21,204.07,204.94,203.8,204.67,70591212
2016-03-22,203.76,205.23,203.57,204.56,96209380
2016-03-23,204.11,204.33,203.01,203.21,79840502
2016-03-24,202.0,203.16,201.74,203.12,83607327
2016-03-28,203.61,203.86,202.7,203.24,61514340
2016-03-29,202.76,205.25,202.4,205.12,90977994
2016-03-30,206.3,206.87,205.59,206.02,83166291
2016-03-31,205.91,206.41,205.33,205.52,93143793
2016-04-01,204.35,207.14,203.98,206.92,112704924
2016-04-04,206.83,207.07,205.89,206.25,62340197
2016-04-05,204.67,206.26,203.89,204.19,90930441
2016-04-06,204.29,206.49,203.98,206.42,91167807
2016-04-07,205.14,205.56,203.09,203.95,111208660
2016-04-08,205.34,205.85,203.87,204.5,94553515
2016-04-11,205.25,206.07,203.91,204.02,81496090
2016-04-12,204.22,206.25,203.7,205.92,113056789
2016-04-13,207.0,208.1,206.84,208.0,93840162
2016-04-14,208.07,208.6,207.6,208.01,64763839
2016-04-15,208.01,208.17,207.4,207.78,75123038
2016-04-18,207.14,209.28,207.0,209.24,81477881
2016-04-19,209.74,210.2,208.94,209.9,86869547
2016-04-20,209.95,210.92,209.39,210.1,77333907
2016-04-21,210.12,210.25,208.65,208.97,80790054
2016-04-22,208.55,209.29,207.91,208.97,97485534
2016-04-25,208.26,208.66,207.54,208.61,65772156
2016-04-26,209.04,209.52,208.36,208.92,73631053
2016-04-27,208.47,209.81,208.05,209.35,74785306
2016-04-28,208.46,209.76,206.96,207.45,95931092
2016-04-29,206.72,207.13,205.03,206.33,139941202
2016-05-02,206.92,208.18,206.41,207.97,61624442
2016-05-03,206.52,206.8,205.28,206.16,104707052
2016-05-04,204.99,205.85,204.42,205.01,91312651
2016-05-05,205.56,205.98,204.47,204.97,66549308
2016-05-06,204.06,205.77,203.88,205.72,86900274
2016-05-09,205.57,206.4,205.36,205.89,72649675
2016-05-10,206.72,208.47,206.64,208.45,76445687
2016-05-11,207.91,208.54,206.5,206.5,79920379
2016-05-12,207.29,207.49,205.37,206.56,88843392
2016-05-13,206.21,206.86,204.38,204.76,95946475
2016-05-16,204.96,207.34,204.89,206.78,76651000
2016-05-17,206.46,206.8,204.23,204.85,112758529
2016-05-18,204.44,206.3,203.63,204.91,121676028
2016-05-19,204.06,204.54,202.78,204.2,114213582
2016-05-20,204.92,206.1,204.86,205.49,106391908
2016-05-23,205.51,205.84,204.98,205.21,58382204
2016-05-24,206.17,208.24,206.14,207.87,92183186
2016-05-25,208.67,209.77,207.87,209.28,78059002
2016-05-26,209.44,209.71,208.97,209.34,54330396
2016-05-27,209.53,210.25,209.47,210.24,61633818
2016-05-31,210.56,210.69,209.18,209.84,109879380
2016-06-01,209.12,210.48,208.89,210.27,69936215
2016-06-02,209.8,210.93,209.24,210.91,63044749
2016-06-03,210.25,210.69,208.86,210.28,101757126
2016-06-06,210.7,211.77,210.51,211.35,64887045
2016-06-07,211.52,212.34,211.5,211.68,60974761
2016-06-08,211.84,212.52,211.69,212.37,66170920
2016-06-09,211.51,212.22,211.19,212.08,73786869
2016-06-10,210.46,210.86,209.43,210.07,113829158
2016-06-13,209.36,210.37,208.35,208.45,117751153
2016-06-14,208.0,208.74,206.92,208.04,125059286
2016-06-15,208.54,209.36,207.53,207.75,109124496
2016-06-16,206.73,208.57,205.59,208.37,149533065
2016-06-17,207.17,207.2,205.75,206.52,117055748
2016-06-20,208.82,209.61,207.75,207.85,82789603
2016-06-21,208.3,208.92,207.78,208.44,72461663
2016-06-22,208.65,209.5,207.93,208.1,95560471
2016-06-23,209.81,210.87,209.27,210.81,102731356
2016-06-24,203.63,210.85,202.72,203.13,333444397
2016-06-27,201.59,201.6,198.65,199.6,248988660
2016-06-28,201.48,203.23,201.12,203.2,159382399
2016-06-29,204.82,206.93,204.72,206.66,137328614
2016-06-30,207.21,209.54,206.56,209.48,165021948
2016-07-01,209.36,210.49,209.29,209.92,106055333
2016-07-05,208.95,209.08,207.71,208.41,109803713
2016-07-06,207.83,209.8,207.06,209.66,96021491
2016-07-07,209.87,210.65,208.63,209.53,85593827
2016-07-08,211.05,212.94,210.78,212.65,133970972
2016-07-11,213.19,214.07,212.95,213.4,73633937
2016-07-12,214.53,215.3,213.43,214.95,101275629
2016-07-13,215.44,215.45,214.35,214.92,87324129
2016-07-14,216.4,216.67,215.66,216.12,91230870
2016-07-15,216.78,217.01,215.31,215.83,107155401
2016-07-18,215.97,216.6,215.67,216.41,58725918
2016-07-19,215.92,216.23,215.63,216.19,54345728
2016-07-20,216.75,217.37,216.24,217.08,58159457
2016-07-21,216.96,217.22,215.75,216.26,67777310
2016-07-22,216.41,217.3,216.1,217.24,62787477
2016-07-25,217.0,217.06,215.97,216.65,55873147
2016-07-26,216.53,217.17,215.76,216.75,70080493
2016-07-27,217.19,217.27,215.62,216.52,84083893
2016-07-28,216.29,217.11,215.75,216.77,65035718
2016-07-29,216.46,217.54,216.13,217.12,79519436
2016-08-01,217.19,217.65,216.4,216.94,73311422
2016-08-02,216.65,216.83,214.57,215.55,92295506
2016-08-03,215.48,216.24,215.13,216.18,53993626
2016-08-04,216.31,216.78,214.25,216.41,46585528
2016-08-05,217.21,218.23,217.07,218.18,71892161
2016-08-08,218.4,218.52,217.74,218.05,39906479
2016-08-09,218.13,218.76,217.8,218.18,51251728
2016-08-10,218.31,218.4,217.23,217.64,57941092
2016-08-11,218.26,218.94,217.95,218.65,72504270
2016-08-12,218.29,218.71,217.99,218.46,61313544
2016-08-15,218.89,219.5,218.88,219.09,49813482
2016-08-16,218.6,218.68,217.96,217.96,53213621
2016-08-17,218.0,218.53,217.02,218.37,75134339
2016-08-18,218.34,218.9,218.21,218.86,52989266
2016-08-19,218.31,218.75,217.74,218.54,75443004
2016-08-22,218.26,218.8,217.83,218.53,61368766
2016-08-23,219.25,219.6,218.9,218.97,53399159
2016-08-24,218.8,218.91,217.36,217.85,71728949
2016-08-25,217.4,218.19,217.22,217.7,69224776
2016-08-26,217.92,219.12,216.25,217.29,122506348
2016-08-29,217.44,218.66,217.4,218.36,70502167
2016-08-30,218.26,218.59,217.35,218.0,58114543
2016-08-31,217.61,217.75,216.46,217.38,85269453
2016-09-01,217.37,217.73,216.03,217.39,97844207
2016-09-02,218.39,218.87,217.7,218.37,79293856
2016-09-06,218.7,219.12,217.86,219.03,56702089
2016-09-07,218.84,219.22,218.3,219.01,76554855
2016-09-08,218.62,218.94,218.15,218.51,74102880
2016-09-09,216.97,217.03,213.25,213.28,221589073
2016-09-12,212.39,216.81,212.31,216.34,168110913
2016-09-13,214.84,215.15,212.5,213.23,182828839
2016-09-14,213.29,214.7,212.5,213.15,134185491
2016-09-15,212.96,215.73,212.75,215.28,145736123
2016-09-16,213.48,213.69,212.57,213.37,155236354
2016-09-19,214.13,214.88,213.03,213.41,80250490
2016-09-20,214.41,214.59,213.38,213.42,69665279
2016-09-21,214.24,216.03,213.44,215.82,110284425
2016-09-22,217.0,217.53,216.71,217.18,76678713
2016-09-23,216.72,216.88,215.88,215.99,73630921
2016-09-26,215.02,215.23,214.01,214.24,89827305
2016-09-27,214.05,215.68,213.62,215.57,78494829
2016-09-28,215.83,216.82,214.71,216.64,87411015
2016-09-29,216.4,216.87,214.04,214.68,128070615
2016-09-30,215.65,217.12,215.36,216.3,117202914
2016-10-03,215.82,216.04,215.04,215.78,83512057
2016-10-04,215.91,216.17,213.99,214.68,119948052
2016-10-05,215.41,216.13,215.33,215.63,72815963
2016-10-06,215.37,216.04,214.74,215.78,62927376
2016-10-07,216.1,216.3,214.19,215.04,89788255
2016-10-10,216.16,216.7,215.98,216.16,51855023
2016-10-11,215.66,215.74,212.58,213.43,130367373
2016-10-12,213.59,214.32,213.01,213.71,73866117
2016-10-13,212.16,213.59,211.21,213.01,101356960
2016-10-14,214.15,214.69,213.03,213.12,93346237
2016-10-17,213.09,213.39,212.17,212.38,58275674
2016-10-18,214.24,214.31,213.27,213.71,76869656
2016-10-19,214.02,214.64,213.6,214.28,66519224
2016-10-20,213.87,214.53,213.11,213.88,73639830
2016-10-21,212.96,214.08,212.76,213.98,89089092
2016-10-24,215.0,215.32,214.48,214.89,60146592
2016-10-25,214.68,214.98,213.98,214.17,66542329
2016-10-26,213.21,214.42,212.93,213.74,75705478
2016-10-27,214.58,214.62,213.08,213.17,77220213
2016-10-28,213.14,213.93,211.71,212.54,140623183
2016-10-31,212.93,213.19,212.36,212.55,61272507
2016-11-01,212.93,212.99,209.6,211.01,122781818
2016-11-02,210.65,211.1,209.23,209.74,103330806
2016-11-03,209.99,210.24,208.46,208.78,88939346
2016-11-04,208.91,209.89,208.38,208.55,109122059
2016-11-07,211.45,213.19,211.3,213.15,109794861
2016-11-08,212.69,214.77,212.38,214.11,106772138
2016-11-09,212.37,217.1,212.34,216.38,258428972
2016-11-10,217.3,218.31,215.22,216.92,172113313
2016-11-11,216.08,216.7,215.32,216.42,100552732
2016-11-14,217.03,217.27,215.72,216.59,94579982
2016-11-15,217.04,218.28,216.8,218.28,91652580
2016-11-16,217.56,218.14,217.42,217.87,65617697
2016-11-17,218.05,219.06,217.92,218.99,69797191
2016-11-18,219.07,219.27,218.29,218.5,86265751
2016-11-21,219.17,220.18,219.0,220.15,72402638
2016-11-22,220.51,220.79,219.73,220.58,67428957
2016-11-23,219.98,220.76,219.75,220.7,56620237
2016-11-25,221.1,221.56,221.01,221.52,37872255
2016-11-28,221.16,221.48,220.36,220.48,76572511
2016-11-29,220.52,221.44,220.17,220.91,69886690
2016-11-30,221.63,221.82,220.31,220.38,113291793
2016-12-01,220.73,220.73,219.15,219.57,79040487
2016-12-02,219.67,220.25,219.26,219.68,74840347
2016-12-05,220.65,221.4,220.42,221.0,67837821
2016-12-06,221.22,221.74,220.66,221.7,59877377
2016-12-07,221.52,224.67,221.38,224.6,110738050
2016-12-08,224.57,225.7,224.26,225.15,99714387
2016-12-09,225.41,226.53,225.37,226.51,88005766
2016-12-12,226.4,226.96,225.76,226.25,102016125
2016-12-13,227.02,228.34,227.0,227.76,110477485
2016-12-14,227.41,228.23,225.36,225.88,142501812
2016-12-15,226.16,227.81,225.89,226.81,124972554
2016-12-16,226.01,226.08,224.67,225.04,156420152
2016-12-19,225.25,226.02,225.08,225.53,90341147
2016-12-20,226.15,226.57,225.88,226.4,89838810
2016-12-21,226.25,226.45,225.77,225.77,67909039
2016-12-22,225.6,225.74,224.92,225.38,56219071
2016-12-23,225.43,225.72,225.21,225.71,36697822
2016-12-27,226.02,226.73,226.0,226.27,42672487
2016-12-28,226.57,226.59,224.27,224.4,64095014
2016-12-29,224.48,224.89,223.84,224.35,48696080
2016-12-30,224.73,224.83,222.73,223.53,108998328
2017-01-03,225.04,225.83,223.88,225.24,91366522
2017-01-04,225.62,226.75,225.61,226.58,78744433
2017-01-05,226.27,226.58,225.48,226.4,78379012
2017-01-06,226.53,227.75,225.9,227.21,71559922
2017-01-09,226.91,227.07,226.42,226.46,46939676
2017-01-10,226.48,227.45,226.01,226.46,63771939
2017-01-11,226.36,227.1,225.59,227.1,74650016
2017-01-12,226.5,226.75,224.96,226.53,72113181
2017-01-13,226.73,227.4,226.69,227.05,62717865
2017-01-17,226.31,226.78,225.8,226.25,61240814
2017-01-18,226.54,226.8,225.9,226.75,54793302
2017-01-19,226.84,227.0,225.41,225.91,66608787
2017-01-20,226.7,227.31,225.97,226.74,129168623
2017-01-23,226.35,226.8,225.27,226.15,75061645
2017-01-24,226.4,228.08,226.27,227.6,95555295
2017-01-25,228.7,229.57,228.51,229.57,84437712
2017-01-26,229.4,229.71,229.01,229.33,59970719
2017-01-27,229.42,229.59,228.76,228.97,59711118
2017-01-30,228.17,228.2,226.41,227.55,79737252
2017-01-31,226.98,227.6,226.32,227.53,75880805
2017-02-01,228.26,228.59,226.94,227.62,79117651
2017-02-02,227.2,228.1,226.82,227.77,69657560
2017-02-03,228.82,229.55,228.46,229.34,80563168
2017-02-06,228.87,229.33,228.54,228.93,57790108
2017-02-07,229.38,229.66,228.72,228.94,57931151
2017-02-08,228.61,229.39,228.31,229.24,51566218
2017-02-09,229.56,230.95,229.52,230.6,65955245
2017-02-10,231.0,231.77,230.62,231.51,66015892
2017-02-13,232.08,233.07,232.05,232.77,55182050
2017-02-14,232.56,233.71,232.16,233.7,71108983
2017-02-15,233.45,235.14,233.39,234.92,86785826
2017-02-16,234.95,235.16,233.85,234.72,84722437
2017-02-17,233.95,235.09,233.93,235.09,77204104
2017-02-21,235.52,236.69,235.51,236.49,88946051
2017-02-22,236.02,236.54,235.83,236.28,62115185
2017-02-23,236.88,236.9,235.56,236.44,74615902
2017-02-24,235.46,236.79,235.41,236.74,82381612
2017-02-27,236.64,237.31,236.35,237.11,56515440
2017-02-28,236.67,236.95,236.02,236.47,96961938
2017-03-01,238.39,240.32,238.37,239.78,149158170
2017-03-02,239.56,239.57,238.21,238.27,70245978
2017-03-03,238.17,238.61,237.73,238.42,81974300
2017-03-06,237.5,238.12,237.01,237.71,55391533
2017-03-07,237.36,237.77,236.76,237.0,65103737
2017-03-08,237.34,237.64,236.4,236.56,78168795
2017-03-09,236.7,237.24,235.74,236.86,90683918
2017-03-10,237.97,238.02,236.59,237.69,81991652
2017-03-13,237.62,237.86,237.24,237.81,57256824
2017-03-14,237.18,237.24,236.19,236.9,59880778
2017-03-15,237.56,239.44,237.29,238.95,96081750
2017-03-16,239.11,239.2,238.1,238.48,78343951
2017-03-17,237.75,237.97,237.03,237.03,89002111
2017-03-20,237.03,237.36,236.32,236.77,52536979
2017-03-21,237.47,237.61,233.58,233.73,131809275
2017-03-22,233.77,234.61,233.05,234.28,97569204
2017-03-23,234.0,235.34,233.6,234.03,100410277
2017-03-24,234.38,235.04,232.96,233.86,112504853
2017-03-27,231.93,233.92,231.61,233.62,87454452
2017-03-28,233.27,235.81,233.14,235.32,93483915
2017-03-29,234.99,235.81,234.72,235.54,61950354
2017-03-30,235.47,236.52,235.27,236.29,56737890
2017-03-31,235.9,236.51,235.68,235.74,73733094
2017-04-03,235.8,236.03,233.91,235.33,85546486
2017-04-04,234.95,235.58,234.56,235.48,56466195
2017-04-05,236.26,237.39,234.54,234.78,108800604
2017-04-06,234.94,236.04,234.42,235.44,69135757
2017-04-07,235.15,236.0,234.64,235.2,74412311
2017-04-10,235.36,236.26,234.73,235.34,67615302
2017-04-11,234.9,235.18,233.34,235.06,88045276
2017-04-12,234.74,234.96,233.77,234.03,81864436
2017-04-13,233.64,234.49,232.51,232.51,92880394
2017-04-17,233.11,234.57,232.88,234.57,68405367
2017-04-18,233.72,234.49,233.08,233.87,83225821
2017-04-19,234.52,234.95,233.18,233.44,68699868
2017-04-20,234.15,235.84,233.78,235.34,92572186
2017-04-21,235.25,235.31,234.13,234.59,110389847
2017-04-24,237.18,237.41,234.56,237.17,119209877
2017-04-25,237.91,238.95,237.81,238.55,76698265
2017-04-26,238.51,239.53,238.35,238.4,84702455
2017-04-27,238.77,238.95,237.98,238.6,57410326
2017-04-28,238.9,238.93,237.93,238.08,63532845
2017-05-01,238.68,239.17,238.2,238.68,66882521
2017-05-02,238.84,238.98,238.3,238.77,57375732
2017-05-03,238.29,238.88,237.7,238.48,73137731
2017-05-04,238.83,238.92,237.78,238.76,61462732
2017-05-05,239.19,239.72,238.68,239.7,62001269
2017-05-08,239.75,239.92,239.17,239.66,48385730
2017-05-09,239.96,240.19,239.04,239.44,51363200
2017-05-10,239.39,239.87,239.15,239.87,54293799
2017-05-11,239.35,239.57,238.13,239.38,62358346
2017-05-12,239.09,239.43,238.67,238.98,53912730
2017-05-15,239.47,240.44,239.45,240.3,61918937
2017-05-16,240.64,240.67,239.63,240.08,51241791
2017-05-17,238.1,238.64,235.75,235.82,172174107
2017-05-18,235.73,237.75,235.43,236.77,107047656
2017-05-19,237.33,239.08,237.27,238.31,115011373
2017-05-22,238.9,239.71,238.82,239.52,61010602
2017-05-23,239.95,240.24,239.51,240.05,48341683
2017-05-24,240.32,240.73,239.93,240.61,49181099
2017-05-25,241.2,242.08,240.96,241.76,64071661
2017-05-26,241.54,241.9,241.45,241.71,46629905
2017-05-30,241.34,241.79,241.16,241.5,35201897
2017-05-31,241.84,241.88,240.64,241.44,91796016
2017-06-01,241.97,243.38,241.64,243.36,68962024
2017-06-02,243.42,244.35,243.08,244.17,88666128
2017-06-05,243.97,244.3,243.76,243.99,44698825
2017-06-06,243.34,243.98,243.12,243.21,50375430
2017-06-07,243.6,243.92,242.83,243.66,54144311
2017-06-08,243.77,244.33,243.17,243.78,65950691
2017-06-09,244.09,245.01,241.95,243.41,132256362
2017-06-12,243.13,243.42,242.38,243.36,86108102
2017-06-13,243.98,244.61,243.58,244.55,60066953
2017-06-14,244.86,244.87,243.29,244.24,78602311
2017-06-15,242.68,243.91,242.36,243.77,66464888
2017-06-16,242.77,242.83,241.63,242.64,84553097
2017-06-19,243.59,244.73,243.48,244.66,65123802
2017-06-20,244.25,244.26,242.99,243.01,56906368
2017-06-21,243.42,243.59,242.41,242.95,55977569
2017-06-22,242.96,243.53,242.64,242.84,44148059
2017-06-23,242.91,243.51,242.47,243.13,66986801
2017-06-26,243.9,244.38,243.04,243.29,56700477
2017-06-27,243.04,243.38,241.31,241.33,82247666
2017-06-28,242.5,243.72,242.23,243.49,70042599
2017-06-29,243.66,243.72,239.96,241.35,106949719
2017-06-30,242.28,242.71,241.58,241.8,86820694
2017-07-03,242.88,243.38,242.21,242.21,39153806
2017-07-05,242.63,243.01,241.7,242.77,54427596
